feature,source_section,requirement_text,verification_objective,test_idea,coverage,priority
Reset behaviour,A2.1,"The reset signal can be asserted asynchronously, but deassertion can only be synchronous with a rising edge of ACLK.",Verify required signals are correctly deasserted during and after reset.,Apply reset and check required signals remain deasserted until the required ACLK edge.,"Reset asserted, reset deassertion, post-reset signal state",Medium
Reset behaviour,A2.1,Signals that are required to be deasserted during reset must remain deasserted at least until the rising ACLK edge after ARESETn is HIGH.,Verify required signals are correctly deasserted during and after reset.,Apply reset and check required signals remain deasserted until the required ACLK edge.,"Reset asserted, reset deassertion, post-reset signal state",Medium
Reset behaviour,A2.3,VALID signals must be LOW during reset.,Verify required signals are correctly deasserted during and after reset.,Apply reset and check required signals remain deasserted until the required ACLK edge.,"Reset asserted, reset deassertion, post-reset signal state",Medium
General AXI protocol rule,A2.3,"The transmitter must keep its information stable until the transfer occurs at edge 3, when this assertion is recognized.",Verify the extracted AXI requirement is satisfied.,Create a directed protocol test based on the requirement text.,Requirement covered,Medium
VALID/READY handshake,A2.3,"When VALID is asserted, it must remain asserted until the handshake occurs, at a rising clock edge when VALID and READY are both asserted.",Verify VALID/READY handshake ordering and transfer completion.,Drive VALID and READY in different orderings and check transfer only completes when both are asserted.,"VALID before READY, READY before VALID, VALID with READY",Medium
General AXI protocol rule,A2.3,"In that case, the Subordinate must be able to accept any valid request that is presented to it.",Verify the extracted AXI requirement is satisfied.,Create a directed protocol test based on the requirement text.,Requirement covered,Medium
VALID/READY handshake,A2.3,The rules are: • The Manager must not wait for the Subordinate to assert AWREADY or WREADY before asserting AWVALID or WVALID.,Verify VALID/READY handshake ordering and transfer completion.,Drive VALID and READY in different orderings and check transfer only completes when both are asserted.,"VALID before READY, READY before VALID, VALID with READY",Medium
VALID/READY handshake,A2.3,"• The Subordinate must wait for AWVALID, AWREADY, WVALID, and WREADY to be asserted before asserting BVALID.",Verify VALID/READY handshake ordering and transfer completion.,Drive VALID and READY in different orderings and check transfer only completes when both are asserted.,"VALID before READY, READY before VALID, VALID with READY",Medium
Write transaction,A2.3,• The Subordinate must wait for the last write data transfer before asserting BVALID.,Verify write-channel protocol requirements.,Run directed write transfers and check AW/W/B channel ordering.,"AWVALID, WVALID, BVALID, BREADY",Medium
VALID/READY handshake,A2.3,• The Subordinate must not wait for the Manager to assert BREADY before asserting BVALID.,Verify VALID/READY handshake ordering and transfer completion.,Drive VALID and READY in different orderings and check transfer only completes when both are asserted.,"VALID before READY, READY before VALID, VALID with READY",Medium
VALID/READY handshake,A2.3,The rules are: • The Manager must not wait for the Subordinate to assert ARREADY before asserting ARVALID.,Verify VALID/READY handshake ordering and transfer completion.,Drive VALID and READY in different orderings and check transfer only completes when both are asserted.,"VALID before READY, READY before VALID, VALID with READY",Medium
VALID/READY handshake,A2.3,• The Subordinate must wait for both ARVALID and ARREADY to be asserted before it asserts RVALID to indicate that valid data is available.,Verify VALID/READY handshake ordering and transfer completion.,Drive VALID and READY in different orderings and check transfer only completes when both are asserted.,"VALID before READY, READY before VALID, VALID with READY",Medium
VALID/READY handshake,A2.3,• The Subordinate must not wait for the Manager to assert RREADY before asserting RVALID.,Verify VALID/READY handshake ordering and transfer completion.,Drive VALID and READY in different orderings and check transfer only completes when both are asserted.,"VALID before READY, READY before VALID, VALID with READY",Medium
Credited transport,A2.4,• VALID must not be asserted when the channel transmitter has zero credits.,Verify transfers obey credit availability.,"Run transactions with zero, one, and multiple credits and check VALID behaviour.","Zero credits, credit available, credit consumed",Medium
Credited transport,A2.4,There must not be combinatorial paths between credit signals and other signals on a channel in either direction.,Verify transfers obey credit availability.,"Run transactions with zero, one, and multiple credits and check VALID behaviour.","Zero credits, credit available, credit consumed",Medium
General AXI protocol rule,A5.5,• Transfers using different Resource Planes must not block one another between transmitter and receiver.,Verify the extracted AXI requirement is satisfied.,Create a directed protocol test based on the requirement text.,Requirement covered,Medium
Credited transport,A5.5,• The receiver must be able to give at least one dedicated credit per RP supported.,Verify transfers obey credit availability.,"Run transactions with zero, one, and multiple credits and check VALID behaviour.","Zero credits, credit available, credit consumed",Medium
General AXI protocol rule,A5.5,• The AW and W transfers in the same transaction must use the same RP number.,Verify the extracted AXI requirement is satisfied.,Create a directed protocol test based on the requirement text.,Requirement covered,Medium
General AXI protocol rule,A5.5,This means: • A Manager must not issue a request transfer that has the same ID as an outstanding transaction on the same channel but a different RP.,Verify the extracted AXI requirement is satisfied.,Create a directed protocol test based on the requirement text.,Requirement covered,Medium
Read transaction,A5.5,If the AXI_Transport property is Ready: Num_RP_AWW and Num_RP_AR must be 1.,Verify read-channel protocol requirements.,Run directed read transfers and check AR/R channel ordering.,"ARVALID, ARREADY, RVALID, RREADY",Medium
Credited transport,A5.5,"The following rules apply: • If the AXI_Transport property is Ready: Shared_Credits_AW, Shared_Credits_W and Shared_Credits_AR must be False.",Verify transfers obey credit availability.,"Run transactions with zero, one, and multiple credits and check VALID behaviour.","Zero credits, credit available, credit consumed",Medium
Credited transport,A5.5,• If Num_RP_AWW is 1: Shared_Credits_AW and Shared_Credits_W must be False.,Verify transfers obey credit availability.,"Run transactions with zero, one, and multiple credits and check VALID behaviour.","Zero credits, credit available, credit consumed",Medium
Credited transport,A5.5,• If Num_RP_AR is 1: Shared_Credits_AR must be False.,Verify transfers obey credit availability.,"Run transactions with zero, one, and multiple credits and check VALID behaviour.","Zero credits, credit available, credit consumed",Medium
Credited transport,A5.5,"• A receiver must give independence guarantees between RPs, whether the transmitter is using a shared or dedicated credit.",Verify transfers obey credit availability.,"Run transactions with zero, one, and multiple credits and check VALID behaviour.","Zero credits, credit available, credit consumed",Medium
General AXI protocol rule,A2.5,"• VALID signals must be pipelined by the same number of cycles as the payload signals of that channel including RP and SHAREDCRD signals, if present.",Verify the extracted AXI requirement is satisfied.,Create a directed protocol test based on the requirement text.,Requirement covered,Medium
General AXI protocol rule,A2.5,• PENDING signals must retain the relationship that they are HIGH in the cycle before VALID is HIGH.,Verify the extracted AXI requirement is satisfied.,Create a directed protocol test based on the requirement text.,Requirement covered,Medium
Write transaction,A2.6,AXI transactions and transfers A2.6 AXI transactions and transfers The AXI protocol requires the following relationships to be maintained: • A write response must always follow the last write transfer in a write transaction.,Verify write-channel protocol requirements.,Run directed write transfers and check AW/W/B channel ordering.,"AWVALID, WVALID, BVALID, BREADY",Medium
Read transaction,A2.6,• Read data and responses must always follow the read request.,Verify read-channel protocol requirements.,Run directed read transfers and check AR/R channel ordering.,"ARVALID, ARREADY, RVALID, RREADY",Medium
Write transaction,A2.6,"• When a Manager issues a write request, it must be able to provide all write data for that transaction, without dependency on other transactions from that Manager.",Verify write-channel protocol requirements.,Run directed write transfers and check AW/W/B channel ordering.,"AWVALID, WVALID, BVALID, BREADY",Medium
Write transaction,A2.6,"• When a Manager has issued a write request and all write data, it must be able to accept all responses for that transaction, without dependency on other transactions from that Manager.",Verify write-channel protocol requirements.,Run directed write transfers and check AW/W/B channel ordering.,"AWVALID, WVALID, BVALID, BREADY",Medium
Read transaction,A2.6,"• When a Manager has issued a read request, it must be able to accept all read data for that transaction, without dependency on other transactions from that Manager.",Verify read-channel protocol requirements.,Run directed read transfers and check AR/R channel ordering.,"ARVALID, ARREADY, RVALID, RREADY",Medium
Write transaction,A2.6,• A Subordinate must not block acceptance of data-less write requests due to transactions with leading write data.,Verify write-channel protocol requirements.,Run directed write transfers and check AW/W/B channel ordering.,"AWVALID, WVALID, BVALID, BREADY",Medium
Write transaction,A2.6,"When the interconnect is required to determine the destination address space or Subordinate space, it must realign the request and write data.",Verify write-channel protocol requirements.,Run directed write transfers and check AW/W/B channel ordering.,"AWVALID, WVALID, BVALID, BREADY",Medium
Write transaction,A2.6,This realignment is required to assure that the write data is signaled as being valid only to the Subordinate for which it is destined.,Verify write-channel protocol requirements.,Run directed write transfers and check AW/W/B channel ordering.,"AWVALID, WVALID, BVALID, BREADY",Medium
General AXI protocol rule,A3.1,"If the transaction includes more than one data transfer, the Subordinate must calculate the addresses of subsequent transfers.",Verify the extracted AXI requirement is satisfied.,Create a directed protocol test based on the requirement text.,Requirement covered,Medium
General AXI protocol rule,A3.1,A transaction must not cross a 4KB address boundary.,Verify the extracted AXI requirement is satisfied.,Create a directed protocol test based on the requirement text.,Requirement covered,Medium
General AXI protocol rule,A3.1,It also limits the number of address increments that a Subordinate must support.,Verify the extracted AXI requirement is satisfied.,Create a directed protocol test based on the requirement text.,Requirement covered,Medium
Read transaction,A3.1,"For read transactions, Size indicates how many data bytes must be valid in each read data transfer.",Verify read-channel protocol requirements.,Run directed read transfers and check AR/R channel ordering.,"ARVALID, ARREADY, RVALID, RREADY",Medium
General AXI protocol rule,A3.1,"Size must not exceed the data width of an interface, as determined by the DATA_WIDTH property.",Verify the extracted AXI requirement is satisfied.,Create a directed protocol test based on the requirement text.,Requirement covered,Medium
General AXI protocol rule,A3.1,An attached Subordinate must have its Ax SIZE input tied according to the data width.,Verify the extracted AXI requirement is satisfied.,Create a directed protocol test based on the requirement text.,Requirement covered,Medium
Write transaction,A3.1,A Manager must issue the number of write data transfers according to Length.,Verify write-channel protocol requirements.,Run directed write transfers and check AW/W/B channel ordering.,"AWVALID, WVALID, BVALID, BREADY",Medium
Read transaction,A3.1,A Subordinate must issue the number of read data transfers according to Length.,Verify read-channel protocol requirements.,Run directed read transfers and check AR/R channel ordering.,"ARVALID, ARREADY, RVALID, RREADY",Medium
General AXI protocol rule,A3.1,• A transaction must not cross a 4KB address boundary.,Verify the extracted AXI requirement is satisfied.,Create a directed protocol test based on the requirement text.,Requirement covered,Medium
General AXI protocol rule,A3.1,"In this case, the Manager must complete the remaining transfers in the transaction.",Verify the extracted AXI requirement is satisfied.,Create a directed protocol test based on the requirement text.,Requirement covered,Medium
Read transaction,A3.1,"In a read transaction, the Manager can discard read data, but it must complete all transfers in the transaction.",Verify read-channel protocol requirements.,Run directed read transfers and check AR/R channel ordering.,"ARVALID, ARREADY, RVALID, RREADY",Medium
General AXI protocol rule,A3.1,The following restrictions apply: • The start address must be aligned to the size of each transfer.,Verify the extracted AXI requirement is satisfied.,Create a directed protocol test based on the requirement text.,Requirement covered,Medium
General AXI protocol rule,A3.1,"• The Length of the burst must be 2, 4, 8, or 16 transfers.",Verify the extracted AXI requirement is satisfied.,Create a directed protocol test based on the requirement text.,Requirement covered,Medium
Write transaction,A3.1,Transaction request • The FIXED burst type can only be used with Write No Snoop or Read No Snoop Opcodes.,Verify write-channel protocol requirements.,Run directed write transfers and check AW/W/B channel ordering.,"AWVALID, WVALID, BVALID, BREADY",Medium
General AXI protocol rule,A3.1,Components with different physical address space sizes must communicate as follows: • The component with the smaller physical address space must be positioned within an aligned window in the larger physical address space.,Verify the extracted AXI requirement is satisfied.,Create a directed protocol test based on the requirement text.,Requirement covered,Medium
General AXI protocol rule,A3.1,• An outgoing transaction must have the required additional higher-order bits added to the transaction address.,Verify the extracted AXI requirement is satisfied.,Create a directed protocol test based on the requirement text.,Requirement covered,Medium
General AXI protocol rule,A3.1,• An incoming transaction must be examined so that: – A transaction that is within the address window has the higher-order address bits removed and is passed through.,Verify the extracted AXI requirement is satisfied.,Create a directed protocol test based on the requirement text.,Requirement covered,Medium
General AXI protocol rule,A3.1,The equations use the following additional variables: • Start_Addr: The start address that is issued by the Manager.,Verify the extracted AXI requirement is satisfied.,Create a directed protocol test based on the requirement text.,Requirement covered,Medium
Write transaction,A3.1,"Transaction request A3.1.7 Pseudocode description of the transfers // Data Transfer() Data Transfer(Start_Addr, Size, Length, Data_Bytes, Burst, Is Write) // Is Write is TRUE for a write, and FALSE for a read addr = Start_Addr; // Variable for current address Aligned_Addr = (INT(addr/Size) * Size); aligned = (Aligned_Addr == addr); // Check whether addr aligned to Size Container_Size = Size * Length; if Burst == WRAP then Lower_Wrap_Boundary = (INT(addr/Container_Size) * Container_Size); // addr must be aligned for a wrapping burst Upper_Wrap_Boundary = Lower_Wrap_Boundary + Container_Size; for n = 1 to Length Lower_Byte_Lane = addr - (INT(addr/Data_Bytes) * Data_Bytes); if aligned then Upper_Byte_Lane = Lower_Byte_Lane + Size - 1 else Upper_Byte_Lane = Aligned_Addr + Size - 1 - (INT(addr/Data_Bytes) * Data_Bytes); // Perform data transfer if Is Write then dwrite(addr, Lower_Byte_Lane, Upper_Byte_Lane) else dread(addr, Lower_Byte_Lane, Upper_Byte_Lane); // Increment address if necessary if Burst != FIXED then if aligned then addr = addr + Size; if Burst == WRAP then if addr >= Upper_Wrap_Boundary then addr = Lower_Wrap_Boundary; else addr = Aligned_Addr + Size; aligned = TRUE; // All transfers after the first are aligned return; ARM IHI 0022 Issue L Copyright © 2003-2025 Arm Limited or its affiliates.",Verify write-channel protocol requirements.,Run directed write transfers and check AW/W/B channel ordering.,"AWVALID, WVALID, BVALID, BREADY",Medium
Write transaction,A3.2,The following rules apply: • The Manager must assert the WLAST signal while it is driving the final write transfer in the transaction.,Verify write-channel protocol requirements.,Run directed write transfers and check AW/W/B channel ordering.,"AWVALID, WVALID, BVALID, BREADY",Medium
Write transaction,A3.2,• Outside of the transaction container all write strobes must be LOW.,Verify write-channel protocol requirements.,Run directed write transfers and check AW/W/B channel ordering.,"AWVALID, WVALID, BVALID, BREADY",Medium
Read transaction,A3.2,"The following rules apply: • Even if a Subordinate has only one source of read data, it must assert the RVALID signal only in response to a request.",Verify read-channel protocol requirements.,Run directed read transfers and check AR/R channel ordering.,"ARVALID, ARREADY, RVALID, RREADY",Medium
Read transaction,A3.2,• The Subordinate must assert the RLAST signal when it is driving the final read transfer in the transaction.,Verify read-channel protocol requirements.,Run directed read transfers and check AR/R channel ordering.,"ARVALID, ARREADY, RVALID, RREADY",Medium
General AXI protocol rule,A3.2,Components that have only one transfer width must have their byte lanes connected to the appropriate byte lanes of the data channel.,Verify the extracted AXI requirement is satisfied.,Create a directed protocol test based on the requirement text.,Requirement covered,Medium
Write transaction,A3.3,Must be 3 if: Untranslated_Transactions = v2 OR Untranslated_Transactions = v3 OR Write Deferrable_Transaction = True BRESP is an optional signal.,Verify write-channel protocol requirements.,Run directed write transfers and check AW/W/B channel ordering.,"AWVALID, WVALID, BVALID, BREADY",Medium
Write transaction,A3.3,"If BCOMP is present, it must be asserted for one response transfer of every transaction on the write channels.",Verify write-channel protocol requirements.,Run directed write transfers and check AW/W/B channel ordering.,"AWVALID, WVALID, BVALID, BREADY",Medium
Read transaction,A3.3,The response value is not required to be the same for every read data transfer in a transaction.,Verify read-channel protocol requirements.,Run directed read transfers and check AR/R channel ordering.,"ARVALID, ARREADY, RVALID, RREADY",Medium
General AXI protocol rule,A3.3,"For some responses, the data in that transfer is not required to be valid.",Verify the extracted AXI requirement is satisfied.,Create a directed protocol test based on the requirement text.,Requirement covered,Medium
General AXI protocol rule,A3.3,Must be valid when RVALID is asserted.,Verify the extracted AXI requirement is satisfied.,Create a directed protocol test based on the requirement text.,Requirement covered,Medium
General AXI protocol rule,A3.3,"For responses where data is not required to be valid, the Manager might still sample the RDATA value so the Subordinate should not rely on the response to hide sensitive data.",Verify the extracted AXI requirement is satisfied.,Create a directed protocol test based on the requirement text.,Requirement covered,Medium
Read transaction,A3.3,"For transactions with multiple read data transfers, Busy must be valid but can take a different value for every transfer.",Verify read-channel protocol requirements.,Run directed read transfers and check AR/R channel ordering.,"ARVALID, ARREADY, RVALID, RREADY",Medium
Write transaction,A3.3,"For transactions with multiple write responses, Busy must be valid in the response with BCOMP asserted.",Verify write-channel protocol requirements.,Run directed write transfers and check AW/W/B channel ordering.,"AWVALID, WVALID, BVALID, BREADY",Medium
Write transaction,A3.3,"For Atomic transactions with write and read responses, BBUSY and RBUSY are expected, but not required to have the same value.",Verify write-channel protocol requirements.,Run directed write transfers and check AW/W/B channel ordering.,"AWVALID, WVALID, BVALID, BREADY",Medium
Write transaction,A4.2,"A4.2.1 Bufferable, Ax CACHE[0] For write transactions: • If the Bufferable bit is deasserted and AWCACHE[3:2] are both deasserted, the write response indicates that the data has reached its final destination.",Verify write-channel protocol requirements.,Run directed write transfers and check AW/W/B channel ordering.,"AWVALID, WVALID, BVALID, BREADY",Medium
Write transaction,A4.2,"• If the Bufferable bit is asserted, the write response can be sent from an intermediate point, when the observability requirements have been met.",Verify write-channel protocol requirements.,Run directed write transfers and check AW/W/B channel ordering.,"AWVALID, WVALID, BVALID, BREADY",Medium
Read transaction,A4.2,"Memory attributes For read transactions where ARCACHE[3:2] are deasserted (Non-cacheable) and ARCACHE[1] is asserted (Modifiable): • If the Bufferable bit is deasserted, the read data must be obtained from the final destination.",Verify read-channel protocol requirements.,Run directed read transfers and check AR/R channel ordering.,"ARVALID, ARREADY, RVALID, RREADY",Medium
General AXI protocol rule,A4.2,"Table A4.3: Parameters fixed as Non-modifiable Parameter Signals Address Ax ADDR, and therefore Ax REGION Size Ax SIZE Length Ax LEN Burst type Ax BURST Protection attributes Ax PROT, Ax NSE, Ax PAS, Ax INST, Ax PRIV The Ax CACHE attribute can only be modified to convert a transaction from being Bufferable to Non-bufferable.",Verify the extracted AXI requirement is satisfied.,Create a directed protocol test based on the requirement text.,Requirement covered,Medium
General AXI protocol rule,A4.2,"For example, when downsizing to a data width narrower than required by Size, the transaction must be modified.",Verify the extracted AXI requirement is satisfied.,Create a directed protocol test based on the requirement text.,Requirement covered,Medium
General AXI protocol rule,A4.2,"• In each generated transaction, the following attributes can be modified: – Address, Ax ADDR – Size, Ax SIZE – Length, Ax LEN – Burst type, Ax BURST The following must not be changed: • Exclusive access indicator: Ax LOCK • The access and address space attributes: Ax PROT, Ax INST, Ax PRIV, Ax NSE, Ax PAS, Ax MMUPASUNKNOWN.",Verify the extracted AXI requirement is satisfied.,Create a directed protocol test based on the requirement text.,Requirement covered,Medium
General AXI protocol rule,A4.2,Any modification to the memory attributes must be consistent for all transactions to the same address range.,Verify the extracted AXI requirement is satisfied.,Create a directed protocol test based on the requirement text.,Requirement covered,Medium
General AXI protocol rule,A4.2,"A4.2.3 Allocate and Other Allocate, Ax CACHE[2], and Ax CACHE[3] If the Allocate bit is asserted: • The data might have been previously allocated, so the line must be looked up in a cache.",Verify the extracted AXI requirement is satisfied.,Create a directed protocol test based on the requirement text.,Requirement covered,Medium
General AXI protocol rule,A4.2,"If the Other Allocate bit is asserted: • The data might have been previously allocated, so the line must be looked up in a cache.",Verify the extracted AXI requirement is satisfied.,Create a directed protocol test based on the requirement text.,Requirement covered,Medium
Write transaction,A4.3,Device Non-bufferable The required behavior for Device Non-bufferable memory is: • The write response must be obtained from the final destination.,Verify write-channel protocol requirements.,Run directed write transfers and check AW/W/B channel ordering.,"AWVALID, WVALID, BVALID, BREADY",Medium
Read transaction,A4.3,• Read data must be obtained from the final destination.,Verify read-channel protocol requirements.,Run directed read transfers and check AR/R channel ordering.,"ARVALID, ARREADY, RVALID, RREADY",Medium
Read transaction,A4.3,• Read data must not be prefetched.,Verify read-channel protocol requirements.,Run directed read transfers and check AR/R channel ordering.,"ARVALID, ARREADY, RVALID, RREADY",Medium
Write transaction,A4.3,• Write transactions must not be merged.,Verify write-channel protocol requirements.,Run directed write transfers and check AW/W/B channel ordering.,"AWVALID, WVALID, BVALID, BREADY",Medium
Write transaction,A4.3,• Write transactions must be made visible at the final destination in a timely manner.,Verify write-channel protocol requirements.,Run directed write transfers and check AW/W/B channel ordering.,"AWVALID, WVALID, BVALID, BREADY",Medium
Read transaction,A4.3,• Read data must be obtained from the final destination.,Verify read-channel protocol requirements.,Run directed read transfers and check AR/R channel ordering.,"ARVALID, ARREADY, RVALID, RREADY",Medium
Read transaction,A4.3,• Read data must not be prefetched.,Verify read-channel protocol requirements.,Run directed read transfers and check AR/R channel ordering.,"ARVALID, ARREADY, RVALID, RREADY",Medium
Write transaction,A4.3,• Write transactions must not be merged.,Verify write-channel protocol requirements.,Run directed write transfers and check AW/W/B channel ordering.,"AWVALID, WVALID, BVALID, BREADY",Medium
Write transaction,A4.3,Normal Non-cacheable Non-bufferable The required behavior for the Normal Non-cacheable Non-bufferable memory type is: • The write response must be obtained from the final destination.,Verify write-channel protocol requirements.,Run directed write transfers and check AW/W/B channel ordering.,"AWVALID, WVALID, BVALID, BREADY",Medium
Read transaction,A4.3,• Read data must be obtained from the final destination.,Verify read-channel protocol requirements.,Run directed read transfers and check AR/R channel ordering.,"ARVALID, ARREADY, RVALID, RREADY",Medium
Write transaction,A4.3,"• Write transactions must be made visible at the final destination in a timely manner, as defined in the glossary.",Verify write-channel protocol requirements.,Run directed write transfers and check AW/W/B channel ordering.,"AWVALID, WVALID, BVALID, BREADY",Medium
Read transaction,A4.3,• Read data must be obtained from either: – The final destination.,Verify read-channel protocol requirements.,Run directed read transfers and check AR/R channel ordering.,"ARVALID, ARREADY, RVALID, RREADY",Medium
Write transaction,A4.3,• If read data is obtained from a write transaction: – It must be obtained from the most recent version of the write.,Verify write-channel protocol requirements.,Run directed write transfers and check AW/W/B channel ordering.,"AWVALID, WVALID, BVALID, BREADY",Medium
Read transaction,A4.3,– The data must not be cached to service a later read.,Verify read-channel protocol requirements.,Run directed read transfers and check AR/R channel ordering.,"ARVALID, ARREADY, RVALID, RREADY",Medium
Write transaction,A4.3,Read data that is returned in this manner does not indicate that the write transaction is visible at the final destination.,Verify write-channel protocol requirements.,Run directed write transfers and check AW/W/B channel ordering.,"AWVALID, WVALID, BVALID, BREADY",Medium
Write transaction,A4.3,"• Write transactions must be made visible at the final destination in a timely manner, as defined in the glossary.",Verify write-channel protocol requirements.,Run directed write transfers and check AW/W/B channel ordering.,"AWVALID, WVALID, BVALID, BREADY",Medium
Write transaction,A4.3,• Write transactions are not required to be made visible at the final destination.,Verify write-channel protocol requirements.,Run directed write transfers and check AW/W/B channel ordering.,"AWVALID, WVALID, BVALID, BREADY",Medium
General AXI protocol rule,A4.3,"The rules to be applied are: – If the address region is Non-cacheable, all Managers must use transactions with both Ax CACHE[3:2] deasserted.",Verify the extracted AXI requirement is satisfied.,Create a directed protocol test based on the requirement text.,Requirement covered,Medium
General AXI protocol rule,A4.3,"– If the address region is Cacheable, all Managers must use transactions with either of Ax CACHE[3:2] asserted.",Verify the extracted AXI requirement is satisfied.,Create a directed protocol test based on the requirement text.,Requirement covered,Medium
Read transaction,A4.3,"For read transactions, the required behavior is as follows: • For Device Bufferable memory, read data must be obtained from the final destination.",Verify read-channel protocol requirements.,Run directed read transfers and check AR/R channel ordering.,"ARVALID, ARREADY, RVALID, RREADY",Medium
Write transaction,A4.3,"• For Normal Non-cacheable Bufferable memory, read data must be obtained either from the final destination or from a write transaction that is progressing to its final destination.",Verify write-channel protocol requirements.,Run directed write transfers and check AW/W/B channel ordering.,"AWVALID, WVALID, BVALID, BREADY",Medium
Write transaction,A4.3,"In addition to ensuring that write transactions progress towards their final destination in a timely manner, intermediate buffers must behave as follows: • An intermediate buffer that can respond to a transaction must ensure that over time, any read transaction to Normal Non-cacheable Bufferable propagates towards its destination.",Verify write-channel protocol requirements.,Run directed write transfers and check AW/W/B channel ordering.,"AWVALID, WVALID, BVALID, BREADY",Medium
Read transaction,A4.3,"This propagation means that when forwarding a read transaction, the attempted forwarding must not continue indefinitely, and any data that is used for forwarding must not persist indefinitely.",Verify read-channel protocol requirements.,Run directed read transfers and check AR/R channel ordering.,"ARVALID, ARREADY, RVALID, RREADY",Medium
Reset behaviour,A4.3,"However, in such a mechanism, the act of reading the data must not reset the data timeout period.",Verify required signals are correctly deasserted during and after reset.,Apply reset and check required signals remain deasserted until the required ACLK edge.,"Reset asserted, reset deassertion, post-reset signal state",Medium
Write transaction,A4.3,• An intermediate buffer that can hold and merge write transactions must ensure that transactions do not remain in its buffer indefinitely.,Verify write-channel protocol requirements.,Run directed write transfers and check AW/W/B channel ordering.,"AWVALID, WVALID, BVALID, BREADY",Medium
Reset behaviour,A4.3,"For example, merging write transactions must not reset the mechanism that determines when a write is drained towards its final destination.",Verify required signals are correctly deasserted during and after reset.,Apply reset and check required signals remain deasserted until the required ACLK edge.,"Reset asserted, reset deassertion, post-reset signal state",Medium
Write transaction,A4.3,A write transaction that is marked as Device Bufferable is required to reach its final destination in a timely manner.,Verify write-channel protocol requirements.,Run directed write transfers and check AW/W/B channel ordering.,"AWVALID, WVALID, BVALID, BREADY",Medium
General AXI protocol rule,A4.3,"Therefore, the response to the Device Non-bufferable transaction indicates that all the transactions are visible to all Managers.",Verify the extracted AXI requirement is satisfied.,Create a directed protocol test based on the requirement text.,Requirement covered,Medium
General AXI protocol rule,A4.4,A software protocol error for an access in one 4KB memory region must not cause data corruption in a different 4KB memory region.,Verify the extracted AXI requirement is satisfied.,Create a directed protocol test based on the requirement text.,Requirement covered,Medium
General AXI protocol rule,A4.5,Table A4.7 shows the physical address spaces with signal encodings and property that must be True to enable a Manager to use that encoding.,Verify the extracted AXI requirement is satisfied.,Create a directed protocol test based on the requirement text.,Requirement covered,Medium
General AXI protocol rule,A4.6,Table A4.14: MECID constraints Physical address space MECID constraints Secure Must be zero Non-secure Must be zero Root Must be zero Realm Can take any valuea System Agent Can take any valuea Non-Secure Protected Can take any valuea a Depends on the MEC_Support and MECID_Width properties.,Verify the extracted AXI requirement is satisfied.,Create a directed protocol test based on the requirement text.,Requirement covered,Medium
General AXI protocol rule,A4.6,Memory Encryption Contexts • Make Invalid • Clean Shared • Clean Shared Persist • Invalidate Hint • Stash Translation • Unstash Translation MECID is inapplicable and must be 0 for the following request Opcodes: • DVM Complete Components that propagate transactions and support MECID on their Subordinate and Manager interfaces must preserve the MECID on requests where it is applicable.,Verify the extracted AXI requirement is satisfied.,Create a directed protocol test based on the requirement text.,Requirement covered,Medium
Write transaction,A4.6,A cache that stores data which has an associated MECID must also store the MECID and provide it with the data during a write-back.,Verify write-channel protocol requirements.,Run directed write transfers and check AW/W/B channel ordering.,"AWVALID, WVALID, BVALID, BREADY",Medium
General AXI protocol rule,A4.6,"A4.6.3 MEC and GDI When using MEC and GDI, MECID must be valid for all accesses to Non-secure Protected or System Agent physical address spaces.",Verify the extracted AXI requirement is satisfied.,Create a directed protocol test based on the requirement text.,Requirement covered,Medium
General AXI protocol rule,A4.6,MECID mismatches must not result in a loss of confidentiality of data between Memory Encryption Contexts.,Verify the extracted AXI requirement is satisfied.,Create a directed protocol test based on the requirement text.,Requirement covered,Medium
General AXI protocol rule,A4.6,A cache must enforce the following rules for the System Agent and Non-secure Protected physical address spaces when there is a difference between the incoming request MECID and the previously cached MECID value.,Verify the extracted AXI requirement is satisfied.,Create a directed protocol test based on the requirement text.,Requirement covered,Medium
Read transaction,A4.6,• For a read transaction: – Any returned data must be masked to an IMPLEMENTATION SPECIFIC value.,Verify read-channel protocol requirements.,Run directed read transfers and check AR/R channel ordering.,"ARVALID, ARREADY, RVALID, RREADY",Medium
Write transaction,A4.6,• For a partial write transaction: – Cached data must be masked to an IMPLEMENTATION SPECIFIC value.,Verify write-channel protocol requirements.,Run directed write transfers and check AW/W/B channel ordering.,"AWVALID, WVALID, BVALID, BREADY",Medium
Write transaction,A4.6,– The cached MECID for the location must be updated to the MECID of the incoming write.,Verify write-channel protocol requirements.,Run directed write transfers and check AW/W/B channel ordering.,"AWVALID, WVALID, BVALID, BREADY",Medium
Write transaction,A4.6,– The cached MECID must be updated to the MECID of the incoming write.,Verify write-channel protocol requirements.,Run directed write transfers and check AW/W/B channel ordering.,"AWVALID, WVALID, BVALID, BREADY",Medium
General AXI protocol rule,A4.7,The region identifier must remain constant within any 4K-byte address space.,Verify the extracted AXI requirement is satisfied.,Create a directed protocol test based on the requirement text.,Requirement covered,Medium
General AXI protocol rule,A4.7,"If a Subordinate only has a single physical interface in the system address map, the interconnect must use the default Ax REGION values.",Verify the extracted AXI requirement is satisfied.,Create a directed protocol test based on the requirement text.,Requirement covered,Medium
General AXI protocol rule,A4.7,A Subordinate must ensure that it provides the responses to two requests to different regions with the same transaction ID in the correct order.,Verify the extracted AXI requirement is satisfied.,Create a directed protocol test based on the requirement text.,Requirement covered,Medium
General AXI protocol rule,A4.7,Ax REGION must only be present on an interface that is downstream of an address decode function.,Verify the extracted AXI requirement is satisfied.,Create a directed protocol test based on the requirement text.,Requirement covered,Medium
Write transaction,A5.2,"The following rules apply to the unique ID indicators: • When AWIDUNQ is asserted, there must be no outstanding write transactions from this Manager with the same AWID value.",Verify write-channel protocol requirements.,Run directed write transfers and check AW/W/B channel ordering.,"AWVALID, WVALID, BVALID, BREADY",Medium
Write transaction,A5.2,• A Manager must not issue a write request with the same AWID as an outstanding write transaction that had AWIDUNQ asserted.,Verify write-channel protocol requirements.,Run directed write transfers and check AW/W/B channel ordering.,"AWVALID, WVALID, BVALID, BREADY",Medium
General AXI protocol rule,A5.2,"• If AWIDUNQ is deasserted for a request, the corresponding BIDUNQ signal must be deasserted in a single transfer response or the Completion part of a multi-transfer response.",Verify the extracted AXI requirement is satisfied.,Create a directed protocol test based on the requirement text.,Requirement covered,Medium
General AXI protocol rule,A5.2,"• If AWIDUNQ is asserted for a request, the corresponding BIDUNQ signal must be asserted in a single transfer response or the Completion part of a multi-transfer response.",Verify the extracted AXI requirement is satisfied.,Create a directed protocol test based on the requirement text.,Requirement covered,Medium
Read transaction,A5.2,"• When ARIDUNQ is asserted, there must be no outstanding read transactions from this Manager with the same ARID value.",Verify read-channel protocol requirements.,Run directed read transfers and check AR/R channel ordering.,"ARVALID, ARREADY, RVALID, RREADY",Medium
Read transaction,A5.2,• A Manager must not issue a read request with the same ARID as an outstanding read transaction that had ARIDUNQ asserted.,Verify read-channel protocol requirements.,Run directed read transfers and check AR/R channel ordering.,"ARVALID, ARREADY, RVALID, RREADY",Medium
General AXI protocol rule,A5.2,"• If ARIDUNQ is deasserted for a request, the corresponding RIDUNQ signal must be deasserted for all response transfers for that transaction.",Verify the extracted AXI requirement is satisfied.,Create a directed protocol test based on the requirement text.,Requirement covered,Medium
General AXI protocol rule,A5.2,"• If ARIDUNQ is asserted for a request, the corresponding RIDUNQ signal must be asserted for all response transfers for that transaction.",Verify the extracted AXI requirement is satisfied.,Create a directed protocol test based on the requirement text.,Requirement covered,Medium
Write transaction,A5.2,"Unique ID indicator • For an Atomic transaction that includes read and write responses, additional rules apply: – If AWIDUNQ is deasserted for an Atomic request, the corresponding RIDUNQ signal must be deasserted for all response transfers for that transaction.",Verify write-channel protocol requirements.,Run directed write transfers and check AW/W/B channel ordering.,"AWVALID, WVALID, BVALID, BREADY",Medium
General AXI protocol rule,A5.2,"– If AWIDUNQ is asserted for an Atomic request, the corresponding RIDUNQ signal must be asserted for all response transfers for that transaction.",Verify the extracted AXI requirement is satisfied.,Create a directed protocol test based on the requirement text.,Requirement covered,Medium
Write transaction,A5.3,"The ordering model does not give any ordering guarantees between: • Transactions from different Managers • Read and write transactions • Transactions with different IDs • Transactions to different Peripheral regions • Transactions to different Memory locations If a Manager requires ordering between transactions that have no ordering guarantee, the Manager must wait to receive a response to the first transaction before issuing the second transaction.",Verify write-channel protocol requirements.,Run directed write transfers and check AW/W/B channel ordering.,"AWVALID, WVALID, BVALID, BREADY",Medium
Write transaction,A5.3,"Observability guarantees before a completion response is received All of the following guarantees apply to transactions from the same Manager using the same ID: • A Device write DW1 is guaranteed to arrive at the destination before Device write DW2, where DW2 is issued after DW1 and to the same Peripheral region.",Verify write-channel protocol requirements.,Run directed write transfers and check AW/W/B channel ordering.,"AWVALID, WVALID, BVALID, BREADY",Medium
Read transaction,A5.3,"• A Device read DR1 is guaranteed to arrive at the destination before Device read DR2, where DR2 is issued after DR1 and to the same Peripheral region.",Verify read-channel protocol requirements.,Run directed read transfers and check AR/R channel ordering.,"ARVALID, ARREADY, RVALID, RREADY",Medium
Write transaction,A5.3,"Request ordering • A write W1 is guaranteed to be observed by a write W2, where W2 is issued after W1 and both have the same cacheability and Memory location.",Verify write-channel protocol requirements.,Run directed write transfers and check AW/W/B channel ordering.,"AWVALID, WVALID, BVALID, BREADY",Medium
Write transaction,A5.3,"• A write W1 that has been observed by a read R2 is guaranteed to be observed by a read R3, where R3 is issued after R2 and have the same cacheability and Memory location.",Verify write-channel protocol requirements.,Run directed write transfers and check AW/W/B channel ordering.,"AWVALID, WVALID, BVALID, BREADY",Medium
Write transaction,A5.3,"• For a Bufferable write request, the completion response can be sent from an intermediate point.",Verify write-channel protocol requirements.,Run directed write transfers and check AW/W/B channel ordering.,"AWVALID, WVALID, BVALID, BREADY",Medium
Read transaction,A5.3,"Response ordering guarantees Transaction responses have all the following ordering guarantees: • A read R1 is guaranteed to receive a response before the response to a read R2, where R2 is issued from the same Manager after R1 with the same ID.",Verify read-channel protocol requirements.,Run directed read transfers and check AR/R channel ordering.,"ARVALID, ARREADY, RVALID, RREADY",Medium
Write transaction,A5.3,"• A write W1 is guaranteed to receive a response before the response to a write W2, where W2 is issued from the same Manager after W1 with the same ID.",Verify write-channel protocol requirements.,Run directed write transfers and check AW/W/B channel ordering.,"AWVALID, WVALID, BVALID, BREADY",Medium
Write transaction,A5.3,"Memory locations For transactions with the same cacheability and Memory location: • A write W1 must be ordered before a write W2 with the same ID, where W2 is received after W1 is received.",Verify write-channel protocol requirements.,Run directed write transfers and check AW/W/B channel ordering.,"AWVALID, WVALID, BVALID, BREADY",Medium
Write transaction,A5.3,"• A write W1 must be ordered before a write W2, where W2 is received after the completion response for W1 is given.",Verify write-channel protocol requirements.,Run directed write transfers and check AW/W/B channel ordering.,"AWVALID, WVALID, BVALID, BREADY",Medium
Write transaction,A5.3,"• A write W1 must be ordered before a read R2, where R2 is received after the completion response for W1 is given.",Verify write-channel protocol requirements.,Run directed write transfers and check AW/W/B channel ordering.,"AWVALID, WVALID, BVALID, BREADY",Medium
Write transaction,A5.3,"• A read R1 must be ordered before a write W2, where W2 is received after the completion response for R1 is given.",Verify write-channel protocol requirements.,Run directed write transfers and check AW/W/B channel ordering.,"AWVALID, WVALID, BVALID, BREADY",Medium
Read transaction,A5.3,"Request ordering Response ordering requirements • The response to read R1 must be returned before the response to a read R2, where R2 is received after R1 with the same ID.",Verify read-channel protocol requirements.,Run directed read transfers and check AR/R channel ordering.,"ARVALID, ARREADY, RVALID, RREADY",Medium
Write transaction,A5.3,"• The response to write W1 must be returned before the response to a write W2, where W2 is received after W1 with the same ID.",Verify write-channel protocol requirements.,Run directed write transfers and check AW/W/B channel ordering.,"AWVALID, WVALID, BVALID, BREADY",Medium
Read transaction,A5.3,"When the interconnect issues requests or responses, it must adhere to the following requirements: • A read R1 request must be issued before a read R2 request, where R2 is received after R1, with the same ID and to the same or overlapping locations.",Verify read-channel protocol requirements.,Run directed read transfers and check AR/R channel ordering.,"ARVALID, ARREADY, RVALID, RREADY",Medium
Write transaction,A5.3,"• A write W1 request must be issued before a write W2 request, where W2 is received after W1, with the same ID, to the same or overlapping locations.",Verify write-channel protocol requirements.,Run directed write transfers and check AW/W/B channel ordering.,"AWVALID, WVALID, BVALID, BREADY",Medium
Read transaction,A5.3,"• A Device read DR1 request must be issued before a Device read DR2 request, where DR2 is received after DR1, with the same ID and to the same Peripheral region.",Verify read-channel protocol requirements.,Run directed read transfers and check AR/R channel ordering.,"ARVALID, ARREADY, RVALID, RREADY",Medium
Write transaction,A5.3,"• A Device write DW1 request must be issued before a Device write DW2 request, where DW2 is received after DW1, with the same ID and to the same Peripheral region.",Verify write-channel protocol requirements.,Run directed write transfers and check AW/W/B channel ordering.,"AWVALID, WVALID, BVALID, BREADY",Medium
Read transaction,A5.3,"• A read R1 response must be issued before a read R2 response, where R2 is received after R1, with the same ID.",Verify read-channel protocol requirements.,Run directed read transfers and check AR/R channel ordering.,"ARVALID, ARREADY, RVALID, RREADY",Medium
Write transaction,A5.3,"• A write W1 response must be issued before a write W2 response, where W2 is received after W1, with the same ID.",Verify write-channel protocol requirements.,Run directed write transfers and check AW/W/B channel ordering.,"AWVALID, WVALID, BVALID, BREADY",Medium
General AXI protocol rule,A5.3,The intermediate component issuing an early response must ensure that visibility and ordering guarantees are met.,Verify the extracted AXI requirement is satisfied.,Create a directed protocol test based on the requirement text.,Requirement covered,Medium
Read transaction,A5.3,"An intermediate component must observe ID ordering rules, which means a read response can only be sent if all earlier reads with the same ID have already had a response.",Verify read-channel protocol requirements.,Run directed read transfers and check AR/R channel ordering.,"ARVALID, ARREADY, RVALID, RREADY",Medium
Write transaction,A5.3,"If the intermediate component sends an early write response, the intermediate component can store a local copy of the data, but must propagate the transaction downstream, before discarding that data.",Verify write-channel protocol requirements.,Run directed write transfers and check AW/W/B channel ordering.,"AWVALID, WVALID, BVALID, BREADY",Medium
Write transaction,A5.3,"An intermediate component must observe ID ordering rules, which means a write response can only be sent if all earlier writes with the same ID have already had a response.",Verify write-channel protocol requirements.,Run directed write transfers and check AW/W/B channel ordering.,"AWVALID, WVALID, BVALID, BREADY",Medium
Write transaction,A5.3,"Request ordering After sending an early write response, the component must be responsible for ordering and observability of that transaction until the write has been propagated downstream, and a write response is received.",Verify write-channel protocol requirements.,Run directed write transfers and check AW/W/B channel ordering.,"AWVALID, WVALID, BVALID, BREADY",Medium
Write transaction,A5.3,"During the period between sending the early write response and receiving a response from downstream, the component must ensure that: • If an early write response was given for a Normal transaction, all subsequent transactions to the same or overlapping Memory locations are ordered after the write that has had an early response.",Verify write-channel protocol requirements.,Run directed write transfers and check AW/W/B channel ordering.,"AWVALID, WVALID, BVALID, BREADY",Medium
General AXI protocol rule,A5.3,"Responses must be in order for transactions with the same AXI ID, irrespective of cacheability.",Verify the extracted AXI requirement is satisfied.,Create a directed protocol test based on the requirement text.,Requirement covered,Medium
Write transaction,A5.3,"An interface that exhibits Ordered Write Observation gives guarantees for write transactions that are not dependent on the destination or address: • A write W1 is guaranteed to be observed by a write W2, where W2 is issued after W1, from the same Manager, with the same ID.",Verify write-channel protocol requirements.,Run directed write transfers and check AW/W/B channel ordering.,"AWVALID, WVALID, BVALID, BREADY",Medium
Write transaction,A5.5,Write data and response ordering A5.5 Write data and response ordering A Manager must issue write data in the same order that it issues the transaction requests.,Verify write-channel protocol requirements.,Run directed write transfers and check AW/W/B channel ordering.,"AWVALID, WVALID, BVALID, BREADY",Medium
Write transaction,A5.5,0 1 2 3 4 5 6 7 8 9 10 ACLK AWVALID AWID[1:0] ID0 ID1 ID2 AWRP[1:0] RP0 RP1 RP0 WVALID WRP[1:0] RP1 RP0 RP1 RP0 RP0 RP1 Figure A5.1: Example of a write data ordering with two Resource Planes A Subordinate must ensure that the BID value of a write response matches the AWID value of the request to which it is responding.,Verify write-channel protocol requirements.,Run directed write transfers and check AW/W/B channel ordering.,"AWVALID, WVALID, BVALID, BREADY",Medium
Write transaction,A5.5,An interconnect must ensure that write responses from a sequence of transactions with the same AWID value targeting different Subordinates are received by the Manager in request order.,Verify write-channel protocol requirements.,Run directed write transfers and check AW/W/B channel ordering.,"AWVALID, WVALID, BVALID, BREADY",Medium
Read transaction,A5.6,Read data ordering A5.6 Read data ordering The Subordinate must ensure that the RID value of any returned data matches the ARID value of the request to which it is responding.,Verify read-channel protocol requirements.,Run directed read transfers and check AR/R channel ordering.,"ARVALID, ARREADY, RVALID, RREADY",Medium
Read transaction,A5.6,The interconnect must ensure that read data from a sequence of transactions with the same ARID value targeting different Subordinates are received by the Manager in request order.,Verify read-channel protocol requirements.,Run directed read transfers and check AR/R channel ordering.,"ARVALID, ARREADY, RVALID, RREADY",Medium
Read transaction,A5.6,Some AXI Manager and interconnect components can be more efficiently designed if it is determined at design-time whether the attached Subordinate interface will interleave read data from different transactions.,Verify read-channel protocol requirements.,Run directed read transfers and check AR/R channel ordering.,"ARVALID, ARREADY, RVALID, RREADY",Medium
General AXI protocol rule,A5.6,All Managers that issue transactions with different IDs must be designed to accept interleaved data.,Verify the extracted AXI requirement is satisfied.,Create a directed protocol test based on the requirement text.,Requirement covered,Medium
General AXI protocol rule,A5.6,It must be the same for every response of the transaction.,Verify the extracted AXI requirement is satisfied.,Create a directed protocol test based on the requirement text.,Requirement covered,Medium
General AXI protocol rule,A6.1,What must be ensured is that no Manager can ever observe a partially updated form of the atomic data.,Verify the extracted AXI requirement is satisfied.,Create a directed protocol test based on the requirement text.,Requirement covered,Medium
General AXI protocol rule,A6.2,This must ensure that all coherent cached copies of a location are invalidated before the new value of the location is made visible to any agents.,Verify the extracted AXI requirement is satisfied.,Create a directed protocol test based on the requirement text.,Requirement covered,Medium
Write transaction,A6.3,A Manager must not start the write part of an exclusive access sequence until the read part is complete.,Verify write-channel protocol requirements.,Run directed write transfers and check AW/W/B channel ordering.,"AWVALID, WVALID, BVALID, BREADY",Medium
General AXI protocol rule,A6.3,"A6.3.3 Exclusive access restrictions The following restrictions apply to exclusive accesses: • The address of an exclusive access must be aligned to the total number of bytes in the transaction, that is, the product of Size and Length.",Verify the extracted AXI requirement is satisfied.,Create a directed protocol test based on the requirement text.,Requirement covered,Medium
General AXI protocol rule,A6.3,"• The number of bytes to be transferred in an exclusive access transaction must be a power-of-2, that is, 1, 2, 4, 8, 16, 32, 64, or 128 bytes.",Verify the extracted AXI requirement is satisfied.,Create a directed protocol test based on the requirement text.,Requirement covered,Medium
General AXI protocol rule,A6.3,• The Length of an exclusive access must not exceed 16 transfers.,Verify the extracted AXI requirement is satisfied.,Create a directed protocol test based on the requirement text.,Requirement covered,Medium
Write transaction,A6.3,• The Opcode must be Read Exclusive or Write Exclusive.,Verify write-channel protocol requirements.,Run directed write transfers and check AW/W/B channel ordering.,"AWVALID, WVALID, BVALID, BREADY",Medium
Write transaction,A6.3,"For an exclusive sequence to be successful, the Ax CACHE values must be appropriate to ensure that the read and write requests reach the exclusive access monitor.",Verify write-channel protocol requirements.,Run directed write transfers and check AW/W/B channel ordering.,"AWVALID, WVALID, BVALID, BREADY",Medium
General AXI protocol rule,A6.3,Table A6.5: Signals that should be the same in an exclusive sequence Ax ID Ax ADDR Ax REGION Ax SUBSYSID Ax DOMAIN Ax LEN Ax SIZE Ax BURST Ax LOCK Ax CACHE[1:0] Ax PROT Ax NSE Ax PAS Ax INST Ax PRIV Ax SNOOP Ax MMUVALID Ax MMUATST Ax MMUFLOW Ax MMUPASUNKNOWN Ax MMUPM Ax MMUSECSID Ax MMUSID Ax MMUSSID Ax MMUSSIDV A6.3.4 Exclusive access from the perspective of the Subordinate A Subordinate that supports exclusive access must have monitor hardware.,Verify the extracted AXI requirement is satisfied.,Create a directed protocol test based on the requirement text.,Requirement covered,Medium
Write transaction,A6.3,"If it is, then this indicates that no write has occurred to that location since the exclusive read access, and the exclusive write proceeds, completing the exclusive access.",Verify write-channel protocol requirements.,Run directed write transfers and check AW/W/B channel ordering.,"AWVALID, WVALID, BVALID, BREADY",Medium
Write transaction,A6.3,"If the monitor deems the sequence to have failed, the exclusive write must not update the addressed location, and the Subordinate must return the OKAY response instead of the EXOKAY response.",Verify write-channel protocol requirements.,Run directed write transfers and check AW/W/B channel ordering.,"AWVALID, WVALID, BVALID, BREADY",Medium
General AXI protocol rule,A6.4,Atomic transactions are suited to situations where the data is located a significant distance from the agent that must perform the operation.,Verify the extracted AXI requirement is satisfied.,Create a directed protocol test based on the requirement text.,Requirement covered,Medium
General AXI protocol rule,A6.4,"Compared with using exclusive accesses, this approach reduces the amount of time during which the data must be made inaccessible to other agents in the system.",Verify the extracted AXI requirement is satisfied.,Create a directed protocol test based on the requirement text.,Requirement covered,Medium
General AXI protocol rule,A6.4,"• If AWLEN indicates a transaction length greater than one, AWSIZE is required to be the full data channel width.",Verify the extracted AXI requirement is satisfied.,Create a directed protocol test based on the requirement text.,Requirement covered,Medium
Write transaction,A6.4,"• Write strobes that are not within the data window, as specified by AWADDR and AWSIZE, must be deasserted.",Verify write-channel protocol requirements.,Run directed write transfers and check AW/W/B channel ordering.,"AWVALID, WVALID, BVALID, BREADY",Medium
Write transaction,A6.4,• Write strobes within the data window must be asserted.,Verify write-channel protocol requirements.,Run directed write transfers and check AW/W/B channel ordering.,"AWVALID, WVALID, BVALID, BREADY",Medium
Write transaction,A6.4,• AWADDR must be aligned to the total write data size.,Verify write-channel protocol requirements.,Run directed write transfers and check AW/W/B channel ordering.,"AWVALID, WVALID, BVALID, BREADY",Medium
Write transaction,A6.4,• AWADDR must be aligned to half the total write data size.,Verify write-channel protocol requirements.,Run directed write transfers and check AW/W/B channel ordering.,"AWVALID, WVALID, BVALID, BREADY",Medium
General AXI protocol rule,A6.4,– AWADDR is not required to be aligned to the transfer size.,Verify the extracted AXI requirement is satisfied.,Create a directed protocol test based on the requirement text.,Requirement covered,Medium
Write transaction,A7.1,"If any of the following properties are not False, AWSNOOP_WIDTH must be 5: • Write Deferrable_Transaction • Unstash Translation_Transaction • Invalidate Hint_Transaction If any of the following properties are not False, AWSNOOP_WIDTH must be 4 or 5: • Shareable_Cache_Support • Write No Snoop Full_Transaction • CMO_On_Write • Write Zero_Transaction • Cache_Stash_Transactions • Untranslated_Transactions • Prefetch_Transaction If any of the following properties are not False, ARSNOOP_WIDTH must be 4: • Shareable_Cache_Support • De Allocation_Transactions ARM IHI 0022 Issue L Copyright © 2003-2025 Arm Limited or its affiliates.",Verify write-channel protocol requirements.,Run directed write transfers and check AW/W/B channel ordering.,"AWVALID, WVALID, BVALID, BREADY",Medium
Write transaction,A7.2,"0b00110 NSH, SH CMO CMO_On_Write A data-less request which indicates that a cache maintenance operation must be performed.",Verify write-channel protocol requirements.,Run directed write transfers and check AW/W/B channel ordering.,"AWVALID, WVALID, BVALID, BREADY",Medium
Write transaction,A7.2,AWSNOOP encodings Table A7.3 – Continued from previous page AWSNOOP AWDOMAIN1 Opcode Enable Description 0b01000 SH Write Unique Ptl Stash Shareable_Transactions and Cache_Stash_Transactions Write to a Shareable location with an indication that the data should be allocated into a cache.,Verify write-channel protocol requirements.,Run directed write transfers and check AW/W/B channel ordering.,"AWVALID, WVALID, BVALID, BREADY",Medium
Write transaction,A7.2,0b01001 SH Write Unique Full Stash Shareable_Transactions and Cache_Stash_Transactions Cache line sized and Regular write to a Shareable location with an indication that the data should be allocated into a cache.,Verify write-channel protocol requirements.,Run directed write transfers and check AW/W/B channel ordering.,"AWVALID, WVALID, BVALID, BREADY",Medium
Write transaction,A7.2,"0b01010 NSH, SH Write Ptl CMO Write_Plus_CMO Write where any cached copies of the line must be cleaned and/or invalidated according to the AWCMO signal.",Verify write-channel protocol requirements.,Run directed write transfers and check AW/W/B channel ordering.,"AWVALID, WVALID, BVALID, BREADY",Medium
Write transaction,A7.2,"0b01011 NSH, SH Write Full CMO Write_Plus_CMO Cache line sized and Regular write where any cached copies of the line must be cleaned and/or invalidated according to the AWCMO signal.",Verify write-channel protocol requirements.,Run directed write transfers and check AW/W/B channel ordering.,"AWVALID, WVALID, BVALID, BREADY",Medium
General AXI protocol rule,A7.2,"0b01100 NSH, SH Stash Once Shared Cache_Stash_Transactions A data-less request which indicates that a cache line should be fetched into a cache.",Verify the extracted AXI requirement is satisfied.,Create a directed protocol test based on the requirement text.,Requirement covered,Medium
General AXI protocol rule,A7.2,Other copies of the line are not required to be invalidated.,Verify the extracted AXI requirement is satisfied.,Create a directed protocol test based on the requirement text.,Requirement covered,Medium
General AXI protocol rule,A7.2,"0b01101 NSH, SH Stash Once Unique Cache_Stash_Transactions A data-less request which indicates that a cache line should be fetched into a cache.",Verify the extracted AXI requirement is satisfied.,Create a directed protocol test based on the requirement text.,Requirement covered,Medium
General AXI protocol rule,A7.2,"0b01110 NSH, SH, SYS Stash Translation Untranslated_Transactions and Cache_Stash_Transactions A data-less request which indicates that a translation should be cached in an MMU.",Verify the extracted AXI requirement is satisfied.,Create a directed protocol test based on the requirement text.,Requirement covered,Medium
Read transaction,A7.2,"0b01111 NSH, SH Prefetch Prefetch_Transaction A data-less request which indicates that a Manager might read the addressed cache line at a later time.",Verify read-channel protocol requirements.,Run directed read transfers and check AR/R channel ordering.,"ARVALID, ARREADY, RVALID, RREADY",Medium
Read transaction,A7.3,SH Read Once Shareable_Transactions Read from a Shareable location which the Manager will not cache.,Verify read-channel protocol requirements.,Run directed read transfers and check AR/R channel ordering.,"ARVALID, ARREADY, RVALID, RREADY",Medium
General AXI protocol rule,A7.3,Data must not be Dirty.,Verify the extracted AXI requirement is satisfied.,Create a directed protocol test based on the requirement text.,Requirement covered,Medium
Read transaction,A7.3,0b0011 - RESERVED - - 0b0100 SH Read Once Clean Invalid Shareable_Transactions and De Allocation_Transactions Read from a Shareable location which the Manager will not cache.,Verify read-channel protocol requirements.,Run directed read transfers and check AR/R channel ordering.,"ARVALID, ARREADY, RVALID, RREADY",Medium
Read transaction,A7.3,0b0101 SH Read Once Make Invalid Shareable_Transactions and De Allocation_Transactions Read from a Shareable location which the Manager will not cache.,Verify read-channel protocol requirements.,Run directed read transfers and check AR/R channel ordering.,"ARVALID, ARREADY, RVALID, RREADY",Medium
General AXI protocol rule,A8.1,I/O coherent agents can share data with fully coherent agents but any data that is cached locally to them must be manually maintained to ensure coherency.,Verify the extracted AXI requirement is satisfied.,Create a directed protocol test based on the requirement text.,Requirement covered,Medium
General AXI protocol rule,A8.1,Non-coherent agents must use manual cache maintenance on any data that is shared with other agents and cached locally.,Verify the extracted AXI requirement is satisfied.,Create a directed protocol test based on the requirement text.,Requirement covered,Medium
General AXI protocol rule,A8.2,"For any interfaces carrying cache line sized transactions, the data width must be wide enough to transport a cache line using 16 transfers or fewer.",Verify the extracted AXI requirement is satisfied.,Create a directed protocol test based on the requirement text.,Requirement covered,Medium
Write transaction,A8.2,Table A8.2: Opcodes which must be cache line sized and Regular Transactions on the read channels Transactions on the write channels Read Shared Write No Snoop Full Read Clean Write Unique Full Clean Shared Write Back Full Clean Invalid Write Evict Full Make Invalid CMO Clean Shared Persist Write Zero Read No Snoop with MTE Fetch Write Unique Full Stash Write Full CMO Stash Once Shared Stash Once Unique Prefetch Invalidate Hint Cache line sized transactions have the following constraints: • Size x Length must be equal to the cache line size.,Verify write-channel protocol requirements.,Run directed write transfers and check AW/W/B channel ordering.,"AWVALID, WVALID, BVALID, BREADY",Medium
Write transaction,A8.2,• Transactions with write data must have all byte strobes asserted within the cache line container.,Verify write-channel protocol requirements.,Run directed write transfers and check AW/W/B channel ordering.,"AWVALID, WVALID, BVALID, BREADY",Medium
Write transaction,A8.3,"Cache coherency and Domains A8.3 Cache coherency and Domains When multiple Managers share data, writes from those Managers must be coherent.",Verify write-channel protocol requirements.,Run directed write transfers and check AW/W/B channel ordering.,"AWVALID, WVALID, BVALID, BREADY",Medium
General AXI protocol rule,A8.3,There must be a consistent definition of: • Which address locations are in each Domain.,Verify the extracted AXI requirement is satisfied.,Create a directed protocol test based on the requirement text.,Requirement covered,Medium
General AXI protocol rule,A8.3,A8.3.1 System Domain Address locations in the System Domain must be visible to all Managers that are able to access them.,Verify the extracted AXI requirement is satisfied.,Create a directed protocol test based on the requirement text.,Requirement covered,Medium
General AXI protocol rule,A8.3,A8.3.2 Non-shareable Domain Address locations in the Non-shareable Domain are not required to be visible to other Managers.,Verify the extracted AXI requirement is satisfied.,Create a directed protocol test based on the requirement text.,Requirement covered,Medium
Read transaction,A8.3,"If Non-shareable data is to be shared between Managers, then transactions known as Cache Maintenance Operations (CMOs) must be issued to clean and invalidate the data from any local caches before it is read.",Verify read-channel protocol requirements.,Run directed read transfers and check AR/R channel ordering.,"ARVALID, ARREADY, RVALID, RREADY",Medium
General AXI protocol rule,A8.3,A8.3.3 Shareable Domain Address locations in the Shareable Domain must be visible to all other Managers that also have those locations marked as Shareable.,Verify the extracted AXI requirement is satisfied.,Create a directed protocol test based on the requirement text.,Requirement covered,Medium
General AXI protocol rule,A8.3,Requests with the Shareable attribute must snoop local caches and lookup in caches that might contain Shareable data from other Managers.,Verify the extracted AXI requirement is satisfied.,Create a directed protocol test based on the requirement text.,Requirement covered,Medium
General AXI protocol rule,A8.3,"To avoid a loss of coherency, data cached as Non-shareable must be made visible using CMOs before being accessed by an agent that has the location marked as Shareable.",Verify the extracted AXI requirement is satisfied.,Create a directed protocol test based on the requirement text.,Requirement covered,Medium
Write transaction,A8.4,"I/O coherency A8.4 I/O coherency An I/O coherent Manager can read and write data in the Sharable Domain through use of a coherent interconnect but it cannot be snooped, so it must not cache Shareable data.",Verify write-channel protocol requirements.,Run directed write transfers and check AW/W/B channel ordering.,"AWVALID, WVALID, BVALID, BREADY",Medium
General AXI protocol rule,A8.4,"AXI does not support data snooping, so the coherent interconnect will typically be based on the AMBA CHI protocol [5] with AXI interfaces for connecting I/O coherent Managers.",Verify the extracted AXI requirement is satisfied.,Create a directed protocol test based on the requirement text.,Requirement covered,Medium
General AXI protocol rule,A8.4,"When the data is returned, it must not be cached by the I/O coherent Manager because the data can become stale.",Verify the extracted AXI requirement is satisfied.,Create a directed protocol test based on the requirement text.,Requirement covered,Medium
Write transaction,A8.5,Table A8.8: Rules for caching Shareable lines Opcode Domain Cache state Clean Dirty Shareable Clean Shareable Dirty Read* Non-shareable Permitted to hit Permitted to hit Must not hit Permitted to hit1 Shareable Permitted to hit Must hit Permitted to hit Must hit2 Write* Non-shareable Must hit Must hit Must not hit Permitted to hit1 Shareable Must hit Must hit Must hit Must hit Clean Shared* Non-shareable Permitted to hit Must hit Permitted to hit Permitted to hit3 Shareable Permitted to hit Must hit Permitted to hit Must hit Clean Invalid* / Make Invalid Non-shareable Must hit Must hit Permitted to hit3 Permitted to hit3 Shareable Must hit Must hit Must hit Must hit Invalidate Hint / Prefetch Non-shareable Permitted to hit Permitted to hit Permitted to hit Permitted to hit Shareable Permitted to hit Permitted to hit Permitted to hit Permitted to hit Stash Once* Non-shareable Permitted to hit Permitted to hit Must not hit Permitted to hit Shareable Permitted to hit Permitted to hit Permitted to hit Permitted to hit ∗Includes all variants of the Opcode.,Verify write-channel protocol requirements.,Run directed write transfers and check AW/W/B channel ordering.,"AWVALID, WVALID, BVALID, BREADY",Medium
Write transaction,A8.5,"If Outer Cacheable mode is used by attached CPUs, transactions marked in the page tables as Inner Non-cacheable, Outer Cacheable will not use shareable read and write transactions and it is not expected that cache lines will be allocated as Shareable.",Verify write-channel protocol requirements.,Run directed write transfers and check AW/W/B channel ordering.,"AWVALID, WVALID, BVALID, BREADY",Medium
Write transaction,A8.5,For write transactions all write strobes must be asserted.,Verify write-channel protocol requirements.,Run directed write transfers and check AW/W/B channel ordering.,"AWVALID, WVALID, BVALID, BREADY",Medium
Read transaction,A8.5,The read data must be Clean.,Verify read-channel protocol requirements.,Run directed read transfers and check AR/R channel ordering.,"ARVALID, ARREADY, RVALID, RREADY",Medium
Read transaction,A8.5,"If the data is Dirty, the line must be allocated upstream, and the response for all transfers of read data must be OKAYDIRTY instead of OKAY.",Verify read-channel protocol requirements.,Run directed read transfers and check AR/R channel ordering.,"ARVALID, ARREADY, RVALID, RREADY",Medium
Write transaction,A8.5,"For the same reason, data from a Write Evict Full must not update memory.",Verify write-channel protocol requirements.,Run directed write transfers and check AW/W/B channel ordering.,"AWVALID, WVALID, BVALID, BREADY",Medium
Write transaction,A8.5,Caching Shareable lines Table A8.13: Opcode alternatives Opcode BROADCASTSHAREABLE is LOW Write Unique Ptl Write No Snoop Write Unique Full Write No Snoop or Write No Snoop Full Write Back Full Write No Snoop or Write No Snoop Full Write Evict Full - (request must be dropped) CMO (Shareable) CMO (Non-shareable) Write Unique Ptl Stash Write No Snoop Write Unique Full Stash Write No Snoop or Write No Snoop Full Write Ptl CMO (Shareable) Write Ptl CMO (Non-shareable) Stash Once Shared (Shareable) Stash Once Shared (Non-shareable) Stash Once Unique (Shareable) Stash Once Unique (Non-shareable) Prefetch (Shareable) Prefetch (Non-shareable) Read Once Read No Snoop Read Shared Read No Snoop Read Clean Read No Snoop Read Once Clean Invalid Read No Snoop Read Once Make Invalid Read No Snoop ARM IHI 0022 Issue L Copyright © 2003-2025 Arm Limited or its affiliates.,Verify write-channel protocol requirements.,Run directed write transfers and check AW/W/B channel ordering.,"AWVALID, WVALID, BVALID, BREADY",Medium
Read transaction,A8.6,The PREFETCHED response to a read request indicates that the transaction has hit upon prefetched data.,Verify read-channel protocol requirements.,Run directed read transfers and check AR/R channel ordering.,"ARVALID, ARREADY, RVALID, RREADY",Medium
Write transaction,A8.6,"• The ID value must be unique-in-flight, which means: – A Prefetch request can only be issued if there are no outstanding write transactions using the same AWID.",Verify write-channel protocol requirements.,Run directed write transfers and check AW/W/B channel ordering.,"AWVALID, WVALID, BVALID, BREADY",Medium
Write transaction,A8.6,– The Manager must not issue a request on the write channel with the same AWID as an outstanding Prefetch request.,Verify write-channel protocol requirements.,Run directed write transfers and check AW/W/B channel ordering.,"AWVALID, WVALID, BVALID, BREADY",Medium
General AXI protocol rule,A8.6,• The Manager may or may not follow a Prefetch request with a non-Prefetch request to the same address.,Verify the extracted AXI requirement is satisfied.,Create a directed protocol test based on the requirement text.,Requirement covered,Medium
General AXI protocol rule,A8.6,• An OKAY response can be sent irrespective of whether the Subordinate acts on the Prefetch request.,Verify the extracted AXI requirement is satisfied.,Create a directed protocol test based on the requirement text.,Requirement covered,Medium
General AXI protocol rule,A8.6,"• When Prefetch_Transaction is True, RRESP_WIDTH must be 3 to enable the signaling of the PREFETCHED response.",Verify the extracted AXI requirement is satisfied.,Create a directed protocol test based on the requirement text.,Requirement covered,Medium
Read transaction,A8.6,• PREFETCHED indicates that read data is valid and has come from a prefetched source.,Verify read-channel protocol requirements.,Run directed read transfers and check AR/R channel ordering.,"ARVALID, ARREADY, RVALID, RREADY",Medium
General AXI protocol rule,A8.6,• A PREFETCHED response can only be sent if the Prefetch_Transaction property is True for the interface.,Verify the extracted AXI requirement is satisfied.,Create a directed protocol test based on the requirement text.,Requirement covered,Medium
General AXI protocol rule,A8.6,• A PREFETCHED response can be sent to a Manager even if the Manager has not sent a Prefetch request to that location.,Verify the extracted AXI requirement is satisfied.,Create a directed protocol test based on the requirement text.,Requirement covered,Medium
General AXI protocol rule,A8.7,Cache Stashing A8.7 Cache Stashing Cache stashing enables one component to indicate that data should be placed in another cache in the system.,Verify the extracted AXI requirement is satisfied.,Create a directed protocol test based on the requirement text.,Requirement covered,Medium
Write transaction,A8.7,Write Unique Ptl Stash Write to a Shareable location with an indication that the data should be allocated into a cache.,Verify write-channel protocol requirements.,Run directed write transfers and check AW/W/B channel ordering.,"AWVALID, WVALID, BVALID, BREADY",Medium
Write transaction,A8.7,Write Unique Full Stash Write a full cache line of data to a Shareable location with an indication that the data should be allocated into a cache.,Verify write-channel protocol requirements.,Run directed write transfers and check AW/W/B channel ordering.,"AWVALID, WVALID, BVALID, BREADY",Medium
Write transaction,A8.7,All write strobes must be asserted.,Verify write-channel protocol requirements.,Run directed write transfers and check AW/W/B channel ordering.,"AWVALID, WVALID, BVALID, BREADY",Medium
General AXI protocol rule,A8.7,Stash Once Shared A data-less transaction which indicates that a cache line should be fetched into a particular cache.,Verify the extracted AXI requirement is satisfied.,Create a directed protocol test based on the requirement text.,Requirement covered,Medium
General AXI protocol rule,A8.7,Other copies of the line are not required to be invalidated.,Verify the extracted AXI requirement is satisfied.,Create a directed protocol test based on the requirement text.,Requirement covered,Medium
General AXI protocol rule,A8.7,Stash Once Unique A data-less transaction which indicates that a cache line should be fetched into a particular cache.,Verify the extracted AXI requirement is satisfied.,Create a directed protocol test based on the requirement text.,Requirement covered,Medium
General AXI protocol rule,A8.7,A Stash Once Unique transaction can cause the invalidation of a cached copy of a cache line and care must be taken to ensure that such transactions do not interfere with exclusive access sequences.,Verify the extracted AXI requirement is satisfied.,Create a directed protocol test based on the requirement text.,Requirement covered,Medium
General AXI protocol rule,A8.7,The Stash Translation transaction is used to indicate to a System Memory Management Unit (SMMU) that a translation should be obtained for the address that is supplied with the Stash Translation transaction.,Verify the extracted AXI requirement is satisfied.,Create a directed protocol test based on the requirement text.,Requirement covered,Medium
Write transaction,A8.7,"Table A8.15: Domain, Size, and Length constraints for stash requests Opcode AWSNOOP Domain Size, Length Write Unique Ptl Stash 0b1000 Shareable Cache size or smaller Write Unique Full Stash 0b1001 Shareable Cache line sized and Regular Stash Once Shared 0b1100 Non-shareable, Shareable Cache line sized and Regular Stash Once Unique 0b1101 Non-shareable, Shareable Cache line sized and Regular The following constraints also apply to all stash request Opcodes: • AWCACHE[1] is 0b1 (Modifiable) • AWLOCK is 0b0 (not exclusive access) • AWTAGOP is 0b00 (Invalid) • AWATOP is 0b000000 (Non-atomic operation) A8.7.3 Stash request Domain The Domain of a stash request determines which caches are checked for the cache line and how the line should be fetched and stored.",Verify write-channel protocol requirements.,Run directed write transfers and check AW/W/B channel ordering.,"AWVALID, WVALID, BVALID, BREADY",Medium
Write transaction,A8.7,Writes with stash must always be to a Shareable location.,Verify write-channel protocol requirements.,Run directed write transfers and check AW/W/B channel ordering.,"AWVALID, WVALID, BVALID, BREADY",Medium
General AXI protocol rule,A8.7,"• When AWSTASHNIDEN is LOW, AWSTASHNID is invalid and must be zero.",Verify the extracted AXI requirement is satisfied.,Create a directed protocol test based on the requirement text.,Requirement covered,Medium
General AXI protocol rule,A8.7,"• When AWSTASHLPIDEN is LOW, AWSTASHLPID is invalid and must be zero.",Verify the extracted AXI requirement is satisfied.,Create a directed protocol test based on the requirement text.,Requirement covered,Medium
Write transaction,A8.7,Stash Once transactions must not use the same AXI ID values that are used by non-Stash Once transactions on the write channels that are outstanding at the same time.,Verify write-channel protocol requirements.,Run directed write transfers and check AW/W/B channel ordering.,"AWVALID, WVALID, BVALID, BREADY",Medium
General AXI protocol rule,A8.8,The invalidation of the cache line is not required to have completed at this point.,Verify the extracted AXI requirement is satisfied.,Create a directed protocol test based on the requirement text.,Requirement covered,Medium
Write transaction,A8.8,"However, it must be ensured that any later write transaction from any agent that starts after this point, is guaranteed not to be invalidated by this transaction.",Verify write-channel protocol requirements.,Run directed write transfers and check AW/W/B channel ordering.,"AWVALID, WVALID, BVALID, BREADY",Medium
General AXI protocol rule,A8.8,"• Deallocating transactions do not guarantee that a cache line will be cleaned or invalidated, so cannot be used to ensure that data is visible to all observers.",Verify the extracted AXI requirement is satisfied.,Create a directed protocol test based on the requirement text.,Requirement covered,Medium
General AXI protocol rule,A8.9,"Invalidate Hint is not required to be executed for functional correctness, so can be terminated at any point in the system by responding with BRESP of OKAY.",Verify the extracted AXI requirement is satisfied.,Create a directed protocol test based on the requirement text.,Requirement covered,Medium
General AXI protocol rule,A8.9,• Ensuring the use of the Invalidate Hint transaction is limited to address ranges that will not contain sensitive information.,Verify the extracted AXI requirement is satisfied.,Create a directed protocol test based on the requirement text.,Requirement covered,Medium
General AXI protocol rule,A8.9,– AWSNOOP must be 5b wide if the Invalidate Hint_Transaction property is True.,Verify the extracted AXI requirement is satisfied.,Create a directed protocol test based on the requirement text.,Requirement covered,Medium
Write transaction,A8.9,"• AWID is unique-in-flight, which means: – An Invalidate Hint request can only be issued if there are no outstanding transactions on the write channels using the same ID value.",Verify write-channel protocol requirements.,Run directed write transfers and check AW/W/B channel ordering.,"AWVALID, WVALID, BVALID, BREADY",Medium
Write transaction,A8.9,– A Manager must not issue a request on the write channels with the same ID as an outstanding Invalidate Hint transaction.,Verify write-channel protocol requirements.,Run directed write transfers and check AW/W/B channel ordering.,"AWVALID, WVALID, BVALID, BREADY",Medium
General AXI protocol rule,A8.9,"– If present, AWIDUNQ must be asserted for an Invalidate Hint request.",Verify the extracted AXI requirement is satisfied.,Create a directed protocol test based on the requirement text.,Requirement covered,Medium
General AXI protocol rule,A9.2,"If the component is a coherent interconnect and the CMO is Shareable, a CMO snoop must be sent to any cache that might have the line: • Allocated, for an Invalidate CMO.",Verify the extracted AXI requirement is satisfied.,Create a directed protocol test based on the requirement text.,Requirement covered,Medium
Write transaction,A9.2,It is recommended that Write-Through No-Allocate is used for writes to memory which will be followed by a CMO to the same line.,Verify write-channel protocol requirements.,Run directed write transfers and check AW/W/B channel ordering.,"AWVALID, WVALID, BVALID, BREADY",Medium
General AXI protocol rule,A9.2,"If the CMO does need to be sent downstream, the CMO must be sent and the response that is returned must be propagated when it is received from downstream.",Verify the extracted AXI requirement is satisfied.,Create a directed protocol test based on the requirement text.,Requirement covered,Medium
Read transaction,A9.3,"• A Manager should not issue a read request that permits it to allocate a line, while there is an outstanding CMO to that line.",Verify read-channel protocol requirements.,Run directed read transfers and check AR/R channel ordering.,"ARVALID, ARREADY, RVALID, RREADY",Medium
Write transaction,A9.5,"On the write channels, CMOs can be sent as a stand-alone operation or combined with a data write.",Verify write-channel protocol requirements.,Run directed write transfers and check AW/W/B channel ordering.,"AWVALID, WVALID, BVALID, BREADY",Medium
Write transaction,A9.5,CMOs on the write channels The rules for AWCMO_WIDTH are: • Must be 0 if CMO_On_Write is False.,Verify write-channel protocol requirements.,Run directed write transfers and check AW/W/B channel ordering.,"AWVALID, WVALID, BVALID, BREADY",Medium
Write transaction,A9.5,• Must be 2 if CMO_On_Write is True and RME_Support is False.,Verify write-channel protocol requirements.,Run directed write transfers and check AW/W/B channel ordering.,"AWVALID, WVALID, BVALID, BREADY",Medium
Write transaction,A9.5,• Must be 3 if CMO_On_Write is True and – RME_Support is True or – Storage_CMO is True.,Verify write-channel protocol requirements.,Run directed write transfers and check AW/W/B channel ordering.,"AWVALID, WVALID, BVALID, BREADY",Medium
Write transaction,A9.5,"When AWSNOOP is not CMO, Write Ptl CMO or Write Full CMO, AWCMO must be 0b000.",Verify write-channel protocol requirements.,Run directed write transfers and check AW/W/B channel ordering.,"AWVALID, WVALID, BVALID, BREADY",Medium
Write transaction,A9.5,This indicates that all caches are Clean and/or invalid within the specified Domain and any associated writes are observable.,Verify write-channel protocol requirements.,Run directed write transfers and check AW/W/B channel ordering.,"AWVALID, WVALID, BVALID, BREADY",Medium
Write transaction,A9.6,For example: • A write from an I/O agent which must be made visible to observers which are downstream of caches.,Verify write-channel protocol requirements.,Run directed write transfers and check AW/W/B channel ordering.,"AWVALID, WVALID, BVALID, BREADY",Medium
Write transaction,A9.6,• A write to persistent memory that must ensure that all copies of the line are also cleaned to the point of persistence.,Verify write-channel protocol requirements.,Run directed write transfers and check AW/W/B channel ordering.,"AWVALID, WVALID, BVALID, BREADY",Medium
Write transaction,A9.6,"• A CMO that causes a write back of dirty data, which must be followed by the CMO.",Verify write-channel protocol requirements.,Run directed write transfers and check AW/W/B channel ordering.,"AWVALID, WVALID, BVALID, BREADY",Medium
Write transaction,A9.6,It is expected that some Managers will natively generate a write with CMO.,Verify write-channel protocol requirements.,Run directed write transfers and check AW/W/B channel ordering.,"AWVALID, WVALID, BVALID, BREADY",Medium
Write transaction,A9.6,"In other cases, a cache or interconnect will combine a CMO with a write before propagating them downstream.",Verify write-channel protocol requirements.,Run directed write transfers and check AW/W/B channel ordering.,"AWVALID, WVALID, BVALID, BREADY",Medium
Write transaction,A9.6,"If the Write_Plus_CMO property is True, the CMO_On_Write property must also be True.",Verify write-channel protocol requirements.,Run directed write transfers and check AW/W/B channel ordering.,"AWVALID, WVALID, BVALID, BREADY",Medium
Write transaction,A9.6,"Table A9.9: Examples of write with CMO transactions Operation Primary use-case Action Shareable Write Ptl CMO with Clean Shared An I/O agent writing less than a cache line to a Shareable region, where the data must be visible to observers downstream of a cache.",Verify write-channel protocol requirements.,Run directed write transfers and check AW/W/B channel ordering.,"AWVALID, WVALID, BVALID, BREADY",Medium
Write transaction,A9.6,All in-line and peer caches must look up the line and write back any dirty data.,Verify write-channel protocol requirements.,Run directed write transfers and check AW/W/B channel ordering.,"AWVALID, WVALID, BVALID, BREADY",Medium
Write transaction,A9.6,"Shareable Write Full CMO with Clead Shared Persist An I/O agent writing a cache line to a Shareable region, where the data must reach the Point of Persistence.",Verify write-channel protocol requirements.,Run directed write transfers and check AW/W/B channel ordering.,"AWVALID, WVALID, BVALID, BREADY",Medium
Write transaction,A9.6,The write and Clean Shared Persist must be propagated if there is a Point of Persistence downstream.,Verify write-channel protocol requirements.,Run directed write transfers and check AW/W/B channel ordering.,"AWVALID, WVALID, BVALID, BREADY",Medium
General AXI protocol rule,A9.6,All in-line and peer cache entries must be cleaned and invalidated.,Verify the extracted AXI requirement is satisfied.,Create a directed protocol test based on the requirement text.,Requirement covered,Medium
Write transaction,A9.6,The write and Clean Invalid must be propagated if there are observers downstream.,Verify write-channel protocol requirements.,Run directed write transfers and check AW/W/B channel ordering.,"AWVALID, WVALID, BVALID, BREADY",Medium
Write transaction,A9.6,"A Write Full CMO must be cache line sized and Regular, see A8.2 Cache line size and A3.1.8 Regular transactions.",Verify write-channel protocol requirements.,Run directed write transfers and check AW/W/B channel ordering.,"AWVALID, WVALID, BVALID, BREADY",Medium
Write transaction,A9.6,A Write Ptl CMO must be cache line sized or smaller and not cross a cache line boundary.,Verify write-channel protocol requirements.,Run directed write transfers and check AW/W/B channel ordering.,"AWVALID, WVALID, BVALID, BREADY",Medium
Write transaction,A9.6,"In that case, either: • The write is issued first, followed by the CMO on the write request channel with the same ID as the write.",Verify write-channel protocol requirements.,Run directed write transfers and check AW/W/B channel ordering.,"AWVALID, WVALID, BVALID, BREADY",Medium
Write transaction,A9.6,• The write is issued first.,Verify write-channel protocol requirements.,Run directed write transfers and check AW/W/B channel ordering.,"AWVALID, WVALID, BVALID, BREADY",Medium
Write transaction,A9.6,"If the discarded CMO is a Clean Shared Persist or Clean Shared Deep Persist, the BCOMP and BPERSIST signals must be set on the write response.",Verify write-channel protocol requirements.,Run directed write transfers and check AW/W/B channel ordering.,"AWVALID, WVALID, BVALID, BREADY",Medium
Write transaction,A9.6,A write with CI or CS has a single response transfer which indicates that the write and CMO are both observable.,Verify write-channel protocol requirements.,Run directed write transfers and check AW/W/B channel ordering.,"AWVALID, WVALID, BVALID, BREADY",Medium
Write transaction,A9.6,"A write with a CSP or CSDP, has one response that indicates that the write is observable and one response that indicates that the write has reached the Po P / Po DP.",Verify write-channel protocol requirements.,Run directed write transfers and check AW/W/B channel ordering.,"AWVALID, WVALID, BVALID, BREADY",Medium
General AXI protocol rule,A9.7,"The response indicates that the CMO is observed, and all cache lines have been cleaned and invalidated if necessary.",Verify the extracted AXI requirement is satisfied.,Create a directed protocol test based on the requirement text.,Requirement covered,Medium
Write transaction,A9.8,"If CMO_On_Write and CMO_On_Read are both False, Persist_CMO must be False.",Verify write-channel protocol requirements.,Run directed write transfers and check AW/W/B channel ordering.,"AWVALID, WVALID, BVALID, BREADY",Medium
General AXI protocol rule,A9.8,"If the PCMO is changed to a Clean Shared, the Persist response must be sent by the component doing the transformation.",Verify the extracted AXI requirement is satisfied.,Create a directed protocol test based on the requirement text.,Requirement covered,Medium
Write transaction,A9.8,"The Completion response indicates that all caches are Clean, and any associated writes are observable.",Verify write-channel protocol requirements.,Run directed write transfers and check AW/W/B channel ordering.,"AWVALID, WVALID, BVALID, BREADY",Medium
General AXI protocol rule,A9.8,• The Completion response must follow normal response ordering rules.,Verify the extracted AXI requirement is satisfied.,Create a directed protocol test based on the requirement text.,Requirement covered,Medium
Write transaction,A9.8,"• If BCOMP is present on an interface, it must be asserted for one response transfer in all transactions on the write channels.",Verify write-channel protocol requirements.,Run directed write transfers and check AW/W/B channel ordering.,"AWVALID, WVALID, BVALID, BREADY",Medium
General AXI protocol rule,A9.8,The Persist response indicates that the data has reached the Po P or Po DP.,Verify the extracted AXI requirement is satisfied.,Create a directed protocol test based on the requirement text.,Requirement covered,Medium
General AXI protocol rule,A9.8,"• If BPERSIST is present on an interface, it must be asserted for one transfer of a response to a CSP or CSDP.",Verify the extracted AXI requirement is satisfied.,Create a directed protocol test based on the requirement text.,Requirement covered,Medium
General AXI protocol rule,A9.8,It must be deasserted for all other responses.,Verify the extracted AXI requirement is satisfied.,Create a directed protocol test based on the requirement text.,Requirement covered,Medium
General AXI protocol rule,A9.8,• The combined response must follow normal response ordering rules.,Verify the extracted AXI requirement is satisfied.,Create a directed protocol test based on the requirement text.,Requirement covered,Medium
Write transaction,A9.8,"In this example, the write is observable to all other agents in the last-level cache, so the Completion response can be sent when the request has been hazarded at that point.",Verify write-channel protocol requirements.,Run directed write transfers and check AW/W/B channel ordering.,"AWVALID, WVALID, BVALID, BREADY",Medium
General AXI protocol rule,A9.8,"The Non-volatile Memory sends a combined Completion and Persist response, so the cache must deassert BCOMP when it propagates the response upstream.",Verify the extracted AXI requirement is satisfied.,Create a directed protocol test based on the requirement text.,Requirement covered,Medium
Read transaction,A9.8,"Manager Manager Interconnect Interconnect System Cache System Cache Non-volatile Memory Non-volatile Memory Clean Shared Persist (AW) Clean Shared Persist (AW) Clean Shared Persist (AW) OKAY with BCOMP (B) OKAY with BCOMP (B) Cache line is observable long period OKAY with BCOMP & BPERSIST (B) Data is observable and persistent OKAY with BPERSIST (B) Cache must deassert BCOMP OKAY with BPERSIST (B) Cache line is persistent Figure A9.2: Example PCMO transaction A9.8.5 PCMOs on read channels If using read channels to transport cache maintenance operations, only the Clean Shared Persist transaction is supported.",Verify read-channel protocol requirements.,Run directed read transfers and check AR/R channel ordering.,"ARVALID, ARREADY, RVALID, RREADY",Medium
Write transaction,A9.8,Clean Shared Deep Persist can only be used on the write channels.,Verify write-channel protocol requirements.,Run directed write transfers and check AW/W/B channel ordering.,"AWVALID, WVALID, BVALID, BREADY",Medium
General AXI protocol rule,A9.8,"There is a single response transfer on the R channel which indicates that the request is observed, and all cache lines have been cleaned to the Po P.",Verify the extracted AXI requirement is satisfied.,Create a directed protocol test based on the requirement text.,Requirement covered,Medium
General AXI protocol rule,A9.9,"Table A9.15: Cache lines operated on by a CMO Attribute RME_Support is False RME_Support is True Address Same cache line Same cache line Physical Address Space Same Same Memory attributes Any Ax CACHE Any Ax CACHE Shareability Domain Same Domain Any Domain When acted upon by a Clean Invalid or Clean Shared CMO, data must propagate to a point where it is observable to all agents using the same physical address space as the CMO.",Verify the extracted AXI requirement is satisfied.,Create a directed protocol test based on the requirement text.,Requirement covered,Medium
General AXI protocol rule,A9.9,"The response to a Clean Invalid Po PA indicates that all cached copies are invalidated, and any Dirty cached copy is written past the Po PA.",Verify the extracted AXI requirement is satisfied.,Create a directed protocol test based on the requirement text.,Requirement covered,Medium
Write transaction,A9.9,"When RME_Support is True, the AWCMO signal is extended to 3b to enable the signaling of a Clean Invalid Po PA, encodings are: • 0b000: Clean Invalid • 0b001: Clean Shared • 0b010: Clean Shared Persist • 0b011: Clean Shared Deep Persist • 0b100: Clean Invalid Po PA A Clean Invalid Po PA can be used stand-alone or combined with a write transaction, so can be used with the following values of AWSNOOP: • 0b0110: CMO • 0b1010: Write Ptl CMO • 0b1011: Write Full CMO The CMO_On_Write property must be True to use a Clean Invalid Po PA.",Verify write-channel protocol requirements.,Run directed write transfers and check AW/W/B channel ordering.,"AWVALID, WVALID, BVALID, BREADY",Medium
Write transaction,A9.9,The Write_Plus_CMO property must be True to use a write with Clean Invalid Po PA.,Verify write-channel protocol requirements.,Run directed write transfers and check AW/W/B channel ordering.,"AWVALID, WVALID, BVALID, BREADY",Medium
Write transaction,A9.10,Storage_CMO can only be True when CMO_On_Write is True.,Verify write-channel protocol requirements.,Run directed write transfers and check AW/W/B channel ordering.,"AWVALID, WVALID, BVALID, BREADY",Medium
General AXI protocol rule,A9.11,This process must follow a particular sequence to reliably make the data structures visible as required.,Verify the extracted AXI requirement is satisfied.,Create a directed protocol test based on the requirement text.,Requirement covered,Medium
General AXI protocol rule,A10.1,• Requests other address spaces must use an NSAID value of zero.,Verify the extracted AXI requirement is satisfied.,Create a directed protocol test based on the requirement text.,Requirement covered,Medium
General AXI protocol rule,A10.1,"Non-secure Access Identifiers (NSAID) A10.1.2 Caching and NSAID Where caching and system coherency is performed upstream of permission checking, accesses with different NSAID values that pass data between them must be subjected to permission checks.",Verify the extracted AXI requirement is satisfied.,Create a directed protocol test based on the requirement text.,Requirement covered,Medium
Write transaction,A10.1,"The rules that are associated with NSAID use and coherency are as follows: • When an agent caches a line of data that has been fetched using a particular NSAID value, it must ensure that any subsequent write to main memory or any response to a snoop uses the same NSAID value.",Verify write-channel protocol requirements.,Run directed write transfers and check AW/W/B channel ordering.,"AWVALID, WVALID, BVALID, BREADY",Medium
Read transaction,A10.1,"– If the NSAID value of the snoop response does not match the read request, then the cache line must first be written to memory using the NSAID value obtained through the snoop response, and then read from memory using the NSAID value of the original request.",Verify read-channel protocol requirements.,Run directed read transfers and check AR/R channel ordering.,"ARVALID, ARREADY, RVALID, RREADY",Medium
Write transaction,A10.1,The write and subsequent read are only required to reach a point at which permission checking has occurred.,Verify write-channel protocol requirements.,Run directed write transfers and check AW/W/B channel ordering.,"AWVALID, WVALID, BVALID, BREADY",Medium
General AXI protocol rule,A10.1,"• Snoop transactions that invalidate cached copies, such as Make Invalid, must not be used if memory protection is used.",Verify the extracted AXI requirement is satisfied.,Create a directed protocol test based on the requirement text.,Requirement covered,Medium
General AXI protocol rule,A10.1,"All such snoop transactions must be replaced with transactions that also clean the cache line to main memory, such as Clean Invalid.",Verify the extracted AXI requirement is satisfied.,Create a directed protocol test based on the requirement text.,Requirement covered,Medium
Write transaction,A10.1,• Any interconnect-generated write to main memory that occurs as the result of a snoop must use the NSAID value that is obtained from the snoop response.,Verify write-channel protocol requirements.,Run directed write transfers and check AW/W/B channel ordering.,"AWVALID, WVALID, BVALID, BREADY",Medium
General AXI protocol rule,A10.1,"• If a single Manager can issue transactions with multiple NSAID values, it must ensure that internal accesses to cached copies use the NSAID value that was used to fetch the cache line initially: – An access that has a cache line hit with the same address, but a different NSAID value, must clean and invalidate the cache line before refetching the cache line with the appropriate NSAID value.",Verify the extracted AXI requirement is satisfied.,Create a directed protocol test based on the requirement text.,Requirement covered,Medium
General AXI protocol rule,A10.4,• The data bus width (DATA_WIDTH) must be 128b or larger.,Verify the extracted AXI requirement is satisfied.,Create a directed protocol test based on the requirement text.,Requirement covered,Medium
General AXI protocol rule,A10.4,"• Untranslated_Transactions must not be False, because ACT transactions are to virtual addresses.",Verify the extracted AXI requirement is satisfied.,Create a directed protocol test based on the requirement text.,Requirement covered,Medium
Write transaction,A10.4,"• For writes, all write strobes within the transaction container must be asserted.",Verify write-channel protocol requirements.,Run directed write transfers and check AW/W/B channel ordering.,"AWVALID, WVALID, BVALID, BREADY",Medium
Read transaction,A10.4,"Arm Compression Technology (ACT) • ID is unique-in-flight, which means: – An ACT read request can only be issued if there are no outstanding transactions on the read channels with the same ID.",Verify read-channel protocol requirements.,Run directed read transfers and check AR/R channel ordering.,"ARVALID, ARREADY, RVALID, RREADY",Medium
Write transaction,A10.4,– An ACT write request can only be issued if there are no outstanding transactions on the write channels with the same ID.,Verify write-channel protocol requirements.,Run directed write transfers and check AW/W/B channel ordering.,"AWVALID, WVALID, BVALID, BREADY",Medium
Read transaction,A10.4,– A request must not be issued on the read channels with the same ID as an outstanding ACT read request.,Verify read-channel protocol requirements.,Run directed read transfers and check AR/R channel ordering.,"ARVALID, ARREADY, RVALID, RREADY",Medium
Write transaction,A10.4,– A request must not be issued on the write channels with the same ID as an outstanding ACT write request.,Verify write-channel protocol requirements.,Run directed write transfers and check AW/W/B channel ordering.,"AWVALID, WVALID, BVALID, BREADY",Medium
Write transaction,A11.1,"The rules for a Write Zero transaction are: • A Write Zero request indicates that the data at the locations indicated by address, size, and length attributes must be set to zero.",Verify write-channel protocol requirements.,Run directed write transfers and check AW/W/B channel ordering.,"AWVALID, WVALID, BVALID, BREADY",Medium
Write transaction,A11.1,"• A Write Zero transaction is cache line sized and Regular, see A3.1.8 Regular transactions • AWSNOOP must be 0b0111 or 0b00111.",Verify write-channel protocol requirements.,Run directed write transfers and check AW/W/B channel ordering.,"AWVALID, WVALID, BVALID, BREADY",Medium
General AXI protocol rule,A11.1,• AWTAGOP must be Invalid.,Verify the extracted AXI requirement is satisfied.,Create a directed protocol test based on the requirement text.,Requirement covered,Medium
Write transaction,A11.1,"• AWID must be unique-in-flight, which means: – A Write Zero transaction can only be issued if there are no outstanding write transactions using the same AWID value.",Verify write-channel protocol requirements.,Run directed write transfers and check AW/W/B channel ordering.,"AWVALID, WVALID, BVALID, BREADY",Medium
Write transaction,A11.1,– A Manager must not issue a request on the write channel with the same AWID as an outstanding Write Zero transaction.,Verify write-channel protocol requirements.,Run directed write transfers and check AW/W/B channel ordering.,"AWVALID, WVALID, BVALID, BREADY",Medium
Write transaction,A11.1,"– If present, AWIDUNQ must be asserted for a Write Zero transaction.",Verify write-channel protocol requirements.,Run directed write transfers and check AW/W/B channel ordering.,"AWVALID, WVALID, BVALID, BREADY",Medium
Write transaction,A11.2,"A11.2.2 Write Deferrable signaling When the Write Deferrable_Transaction property is True, AWSNOOP and BRESP must be wide enough to accommodate additional encodings: • AWSNOOP_WIDTH must be 5.",Verify write-channel protocol requirements.,Run directed write transfers and check AW/W/B channel ordering.,"AWVALID, WVALID, BVALID, BREADY",Medium
Write transaction,A11.2,"• The ID is unique-in-flight for all transactions, which means: – A Write Deferrable transaction can only be issued if there are no outstanding transactions on the write channels with the same ID value.",Verify write-channel protocol requirements.,Run directed write transfers and check AW/W/B channel ordering.,"AWVALID, WVALID, BVALID, BREADY",Medium
Write transaction,A11.2,– A Manager must not issue a request on the write channels with the same ID as an outstanding Write Deferrable transaction.,Verify write-channel protocol requirements.,Run directed write transfers and check AW/W/B channel ordering.,"AWVALID, WVALID, BVALID, BREADY",Medium
Write transaction,A11.2,"– If present, AWIDUNQ must be asserted for a Write Deferrable transaction.",Verify write-channel protocol requirements.,Run directed write transfers and check AW/W/B channel ordering.,"AWVALID, WVALID, BVALID, BREADY",Medium
Write transaction,A11.2,"• A Write Deferrable transaction must be treated as 64-byte atomic, therefore: – It must only be to locations which have a single-copy atomicity size of 64-bytes or greater.",Verify write-channel protocol requirements.,Run directed write transfers and check AW/W/B channel ordering.,"AWVALID, WVALID, BVALID, BREADY",Medium
Write transaction,A11.2,"If an interconnect detects that a Write Deferrable is targeting a Subordinate that does not support Write Deferrable transactions, it must not propagate the request.",Verify write-channel protocol requirements.,Run directed write transfers and check AW/W/B channel ordering.,"AWVALID, WVALID, BVALID, BREADY",Medium
General AXI protocol rule,A12.1,"Table A12.4: MPAM_9_1 fields when RME_Support is True Field Description Width Mapping MPAM_SP Physical address space indicator 2 Ax MPAM[1:0] PARTID Partition identifier 9 Ax MPAM[10:2] PMG Performance monitor group 1 Ax MPAM[11] When MPAM_Support is MPAM_12_1 and RME_Support is False, MPAM_WIDTH must be 14 and the mapping is shown in Table A12.5.",Verify the extracted AXI requirement is satisfied.,Create a directed protocol test based on the requirement text.,Requirement covered,Medium
General AXI protocol rule,A12.1,Manager components Manager components that are MPAM-enabled must drive MPAM signals when the corresponding Ax VALID is asserted.,Verify the extracted AXI requirement is satisfied.,Create a directed protocol test based on the requirement text.,Requirement covered,Medium
Write transaction,A12.2,"Partial tag writes are not permitted, so when AWTAGOP is Update, all WTAGUPDATE bits that correspond to the tags inside the transaction container must be asserted.",Verify write-channel protocol requirements.,Run directed write transfers and check AW/W/B channel ordering.,"AWVALID, WVALID, BVALID, BREADY",Medium
General AXI protocol rule,A12.2,MTE_Support must be False when: • DATA_WIDTH is 32 or smaller.,Verify the extracted AXI requirement is satisfied.,Create a directed protocol test based on the requirement text.,Requirement covered,Medium
General AXI protocol rule,A12.2,WTAGUPDATE ceil(DATA_WIDTH/128) - Indicates which tags must be written to memory when AWTAGOP is Update.,Verify the extracted AXI requirement is satisfied.,Create a directed protocol test based on the requirement text.,Requirement covered,Medium
General AXI protocol rule,A12.3,"Trace signal behavior is IMPLEMENTATION DEFINED, but the following recommendations are given: • A Manager interface can assert the Trace signal along with the address of a transaction that should be tracked through the system.",Verify the extracted AXI requirement is satisfied.,Create a directed protocol test based on the requirement text.,Requirement covered,Medium
General AXI protocol rule,A12.3,• A Subordinate that receives a request with AWTRACE asserted should assert the BTRACE signal alongside the response.,Verify the extracted AXI requirement is satisfied.,Create a directed protocol test based on the requirement text.,Requirement covered,Medium
Read transaction,A12.3,• A Subordinate that receives a request with the ARTRACE signal asserted should assert the RTRACE signal alongside every transfer of the read response.,Verify read-channel protocol requirements.,Run directed read transfers and check AR/R channel ordering.,"ARVALID, ARREADY, RVALID, RREADY",Medium
Read transaction,A12.3,"• For Atomic transactions that require a response on the read channel, the RTRACE signal should be asserted if AWTRACE was asserted.",Verify read-channel protocol requirements.,Run directed read transfers and check AR/R channel ordering.,"ARVALID, ARREADY, RVALID, RREADY",Medium
Write transaction,A12.4,Table A12.19: Loopback signals Name Width Default Description AWLOOP LOOP_W_WIDTH All zeros A user-defined value that must be reflected from a write request to response transfers.,Verify write-channel protocol requirements.,Run directed write transfers and check AW/W/B channel ordering.,"AWVALID, WVALID, BVALID, BREADY",Medium
Read transaction,A12.4,ARLOOP LOOP_R_WIDTH All zeros A user-defined value that must be reflected from a read request to response and data transfers.,Verify read-channel protocol requirements.,Run directed read transfers and check AR/R channel ordering.,"ARVALID, ARREADY, RVALID, RREADY",Medium
Read transaction,A12.4,• The value of RLOOP must be identical to the value that was on ARLOOP for all read data transfers.,Verify read-channel protocol requirements.,Run directed read transfers and check AR/R channel ordering.,"ARVALID, ARREADY, RVALID, RREADY",Medium
Read transaction,A12.4,"• For Atomic transactions that require a response on the read channel, the value of RLOOP must be identical to the value that was presented on AWLOOP.",Verify read-channel protocol requirements.,Run directed read transfers and check AR/R channel ordering.,"ARVALID, ARREADY, RVALID, RREADY",Medium
General AXI protocol rule,A13.1,"Although all components in the system must use a single physical address space, SMMU components enable different Manager components to operate in their own independent virtual address or intermediate physical address space.",Verify the extracted AXI requirement is satisfied.,Create a directed protocol test based on the requirement text.,Requirement covered,Medium
Read transaction,A13.3,"AWMMUATST, ARMMUATST 1 0b0 Indicates that the transaction has already undergone PCIe ATS translation.",Verify read-channel protocol requirements.,Run directed read transfers and check AR/R channel ordering.,"ARVALID, ARREADY, RVALID, RREADY",Medium
General AXI protocol rule,A13.4,"• When Ax MMUSECSID is Non-secure, the physical address space must be Non-secure.",Verify the extracted AXI requirement is satisfied.,Create a directed protocol test based on the requirement text.,Requirement covered,Medium
General AXI protocol rule,A13.4,"• When Ax MMUSECSID is Secure, the physical address space must be Non-secure or Secure.",Verify the extracted AXI requirement is satisfied.,Create a directed protocol test based on the requirement text.,Requirement covered,Medium
General AXI protocol rule,A13.4,"• When Ax MMUSECSID is Realm, the physical address space must be Non-secure or Realm.",Verify the extracted AXI requirement is satisfied.,Create a directed protocol test based on the requirement text.,Requirement covered,Medium
General AXI protocol rule,A13.4,"• Requests to the Non-secure Protected or System Agent physical address space must be physically addressed, that means: – When Ax PAS is NSP or SA, Ax MMUVALID must be LOW.",Verify the extracted AXI requirement is satisfied.,Create a directed protocol test based on the requirement text.,Requirement covered,Medium
General AXI protocol rule,A13.5,"Table A13.9: Ax MMUPASUNKNOWN signals Name Width Default Description AWMMUPASUNKNOWN, ARMMUPASUNKNOWN 1 0b0 HIGH to indicate that there is no PAS expectation The following rules apply when Ax MMUVALID and Ax MMUPASUNKNOWN are asserted: • Ax MMUSECSID must be Realm.",Verify the extracted AXI requirement is satisfied.,Create a directed protocol test based on the requirement text.,Requirement covered,Medium
Read transaction,A13.6,A13.6.2 ATST flow The Address Translation Service Translated (ATST) flow indicates that the transaction has already been translated by Address Translation Services (ATS).,Verify read-channel protocol requirements.,Run directed read transfers and check AR/R channel ordering.,"ARVALID, ARREADY, RVALID, RREADY",Medium
General AXI protocol rule,A13.6,"If a translation fault occurs, the transaction must be terminated with an SLVERR response.",Verify the extracted AXI requirement is satisfied.,Create a directed protocol test based on the requirement text.,Requirement covered,Medium
General AXI protocol rule,A13.6,"If a translation fault occurs when using this flow, the Subordinate must terminate the transaction with an SLVERR or OKAY response, even if software has configured the device to be stalled when a translation fault occurs.",Verify the extracted AXI requirement is satisfied.,Create a directed protocol test based on the requirement text.,Requirement covered,Medium
General AXI protocol rule,A13.6,"• If TRANSFAULT is used for one response transfer, it must be used for all response transfers of a transaction.",Verify the extracted AXI requirement is satisfied.,Create a directed protocol test based on the requirement text.,Requirement covered,Medium
General AXI protocol rule,A13.7,"The rules for using these signals are: • When Ax MMUVALID is asserted, the following signals are constrained: – Ax TAGOP must be 0b00 (Invalid) • When Ax MMUVALID is deasserted, the following signals are not applicable and can take any value: – Ax MMUSECSID – Ax MMUSID – Ax MMUSSIDV – Ax MMUSSID – Ax MMUFLOW – Ax MMUPM – Ax MMUPASUNKNOWN • Translated and untranslated transactions must not use the same ID for in-flight transactions, and this applies to the following: – Transactions with AWMMUVALID asserted and others with AWMMUVALID deasserted.",Verify the extracted AXI requirement is satisfied.,Create a directed protocol test based on the requirement text.,Requirement covered,Medium
General AXI protocol rule,A13.9,"Stash Translation Opcode A13.9 Stash Translation Opcode The Stash Translation Opcode is a hint that an MMU should cache the table entry required to process the given address, to reduce the latency for any future transactions using that table entry.",Verify the extracted AXI requirement is satisfied.,Create a directed protocol test based on the requirement text.,Requirement covered,Medium
General AXI protocol rule,A13.9,"The requirements on the MMU depend on whether the address is virtual or physical, and if the Realm Management Extension is being used: • If AWMMUVALID is asserted or not present, the Stash Translation request has a virtual address and the MMU should cache the relevant page table entry.",Verify the extracted AXI requirement is satisfied.,Create a directed protocol test based on the requirement text.,Requirement covered,Medium
General AXI protocol rule,A13.9,"• If AWMMUVALID is deasserted, the Stash Translation request has a physical address and the MMU should cache the relevant Granule Protection Table entry.",Verify the extracted AXI requirement is satisfied.,Create a directed protocol test based on the requirement text.,Requirement covered,Medium
General AXI protocol rule,A13.9,"If RME_Support is False, AWMMUVALID must be asserted for a Stash Translation request.",Verify the extracted AXI requirement is satisfied.,Create a directed protocol test based on the requirement text.,Requirement covered,Medium
Write transaction,A13.9,• Stash Translation requests must not use the same AXI ID values that are used by non-Stash Translation transactions on the write channels that are outstanding at the same time.,Verify write-channel protocol requirements.,Run directed write transfers and check AW/W/B channel ordering.,"AWVALID, WVALID, BVALID, BREADY",Medium
General AXI protocol rule,A13.9,"• An OKAY response indicates that the Stash Translation request has been accepted, not that the translation is stashed.",Verify the extracted AXI requirement is satisfied.,Create a directed protocol test based on the requirement text.,Requirement covered,Medium
General AXI protocol rule,A13.10,"The requirements on the MMU depend on whether the address is virtual or physical, and if the Realm Management Extension is being used: • If AWMMUVALID is asserted or not present, the Unstash Translation request has a virtual address and the MMU should deallocate the relevant page table entry.",Verify the extracted AXI requirement is satisfied.,Create a directed protocol test based on the requirement text.,Requirement covered,Medium
General AXI protocol rule,A13.10,"• If AWMMUVALID is deasserted, the Stash Translation request has a physical address and the MMU should deallocate the relevant Granule Protection Table entry.",Verify the extracted AXI requirement is satisfied.,Create a directed protocol test based on the requirement text.,Requirement covered,Medium
General AXI protocol rule,A13.10,"If RME_Support is False, AWMMUVALID must be asserted for an Unstash Translation request.",Verify the extracted AXI requirement is satisfied.,Create a directed protocol test based on the requirement text.,Requirement covered,Medium
Write transaction,A13.10,"• AWID is unique-in-flight, which means: – An Unstash Translation request can only be issued if there are no outstanding transactions on the write channels using the same ID value.",Verify write-channel protocol requirements.,Run directed write transfers and check AW/W/B channel ordering.,"AWVALID, WVALID, BVALID, BREADY",Medium
Write transaction,A13.10,– A Manager must not issue a request on the write channels with the same ID as an outstanding Unstash Translation transaction.,Verify write-channel protocol requirements.,Run directed write transfers and check AW/W/B channel ordering.,"AWVALID, WVALID, BVALID, BREADY",Medium
General AXI protocol rule,A13.10,"• An OKAY response indicates that the Unstash Translation request has been accepted, not that the translation is deallocated.",Verify the extracted AXI requirement is satisfied.,Create a directed protocol test based on the requirement text.,Requirement covered,Medium
VALID/READY handshake,A14.1,"Wakeup signals can only be used with Valid-Ready transport, which implies the following: • When AXI_Transport is Credited, Wakeup_Signals must be False.",Verify VALID/READY handshake ordering and transfer completion.,Drive VALID and READY in different orderings and check transfer only completes when both are asserted.,"VALID before READY, READY before VALID, VALID with READY",Medium
VALID/READY handshake,A14.1,"Interface gating with Valid-Ready transport • If AWAKEUP is asserted in a cycle where AWVALID is asserted and AWREADY is deasserted, then AWAKEUP must remain asserted until AWREADY is asserted.",Verify VALID/READY handshake ordering and transfer completion.,Drive VALID and READY in different orderings and check transfer only completes when both are asserted.,"VALID before READY, READY before VALID, VALID with READY",Medium
VALID/READY handshake,A14.1,"• If AWAKEUP is asserted in a cycle when ARVALID is asserted and ARREADY is deasserted, then AWAKEUP must remain asserted until ARREADY is asserted.",Verify VALID/READY handshake ordering and transfer completion.,Drive VALID and READY in different orderings and check transfer only completes when both are asserted.,"VALID before READY, READY before VALID, VALID with READY",Medium
VALID/READY handshake,A14.1,"• After the ARVALID, ARREADY handshake, or the AWVALID, AWREADY handshake, the interconnect must remain active until the transaction has completed.",Verify VALID/READY handshake ordering and transfer completion.,Drive VALID and READY in different orderings and check transfer only completes when both are asserted.,"VALID before READY, READY before VALID, VALID with READY",Medium
VALID/READY handshake,A14.1,• ACWAKEUP must remain asserted until the associated ACVALID / ACREADY handshake to ensure progress of the DVM transaction.,Verify VALID/READY handshake ordering and transfer completion.,Drive VALID and READY in different orderings and check transfer only completes when both are asserted.,"VALID before READY, READY before VALID, VALID with READY",Medium
VALID/READY handshake,A14.1,"• After the ACVALID / ACREADY handshake, the Manager must remain active until the DVM transaction has completed.",Verify VALID/READY handshake ordering and transfer completion.,Drive VALID and READY in different orderings and check transfer only completes when both are asserted.,"VALID before READY, READY before VALID, VALID with READY",Medium
Credited transport,A14.2,Transmitters are not required to explicitly return all credits to the receiver before it stops.,Verify transfers obey credit availability.,"Run transactions with zero, one, and multiple credits and check VALID behaviour.","Zero credits, credit available, credit consumed",Medium
Credited transport,A14.2,The following rules apply to the Credit_Control property: • Credit_Control must be False if the AXI_Transport property is Ready.,Verify transfers obey credit availability.,"Run transactions with zero, one, and multiple credits and check VALID behaviour.","Zero credits, credit available, credit consumed",Medium
Credited transport,A14.2,• Connected interfaces must have the same value for Credit_Control.,Verify transfers obey credit availability.,"Run transactions with zero, one, and multiple credits and check VALID behaviour.","Zero credits, credit available, credit consumed",Medium
Credited transport,A14.2,"• The Subordinate might receive credits after entering this state if there is a race between credits and ACTIVATEREQ deassertion, they must be discarded.",Verify transfers obey credit availability.,"Run transactions with zero, one, and multiple credits and check VALID behaviour.","Zero credits, credit available, credit consumed",Medium
Credited transport,A14.2,• The Manager must not send transfers or credits.,Verify transfers obey credit availability.,"Run transactions with zero, one, and multiple credits and check VALID behaviour.","Zero credits, credit available, credit consumed",Medium
General AXI protocol rule,A14.2,• The Subordinate will have no transfers to send because all outstanding transactions must be complete.,Verify the extracted AXI requirement is satisfied.,Create a directed protocol test based on the requirement text.,Requirement covered,Medium
Reset behaviour,A14.2,This might be because the Subordinate is idle or because it is required to reconfigure or reset when all outstanding transactions are complete.,Verify required signals are correctly deasserted during and after reset.,Apply reset and check required signals remain deasserted until the required ACLK edge.,"Reset asserted, reset deassertion, post-reset signal state",Medium
Credited transport,A14.2,A14.2.3 Credit control signal rules The following rules apply to the credit control signals: • When ACTIVATEREQ is LOW there must be no outstanding transactions and the Manager must not send transfers.,Verify transfers obey credit availability.,"Run transactions with zero, one, and multiple credits and check VALID behaviour.","Zero credits, credit available, credit consumed",Medium
Credited transport,A14.2,"• When ACTIVATEREQ is LOW or ACTIVATEACK is LOW, the Manager must not send credits.",Verify transfers obey credit availability.,"Run transactions with zero, one, and multiple credits and check VALID behaviour.","Zero credits, credit available, credit consumed",Medium
Credited transport,A14.2,"• When ACTIVATEACK is LOW, the Subordinate must not send transfers or credits.",Verify transfers obey credit availability.,"Run transactions with zero, one, and multiple credits and check VALID behaviour.","Zero credits, credit available, credit consumed",Medium
Reset behaviour,A14.2,"• ACTIVATEREQ, ACTIVATEACK and ASKSTOP must be LOW during reset.",Verify required signals are correctly deasserted during and after reset.,Apply reset and check required signals remain deasserted until the required ACLK edge.,"Reset asserted, reset deassertion, post-reset signal state",Medium
Credited transport,A14.2,• The Manager must not receive any credits in the STOP state.,Verify transfers obey credit availability.,"Run transactions with zero, one, and multiple credits and check VALID behaviour.","Zero credits, credit available, credit consumed",Medium
Credited transport,A14.2,"– If credit signals from the Subordinate have a longer transport delay than ACTIVATEACK, there must be a delay between sending the last credits and deasserting ACTIVATEACK.",Verify transfers obey credit availability.,"Run transactions with zero, one, and multiple credits and check VALID behaviour.","Zero credits, credit available, credit consumed",Medium
Credited transport,A14.2,These credits must be discarded.,Verify transfers obey credit availability.,"Run transactions with zero, one, and multiple credits and check VALID behaviour.","Zero credits, credit available, credit consumed",Medium
Credited transport,A14.2,"Interface gating with credited transport • When registering the VALID signals, the logic must ensure that associated payload signals remain aligned to VALID and the PENDING signals are HIGH in the cycle before VALID is HIGH.",Verify transfers obey credit availability.,"Run transactions with zero, one, and multiple credits and check VALID behaviour.","Zero credits, credit available, credit consumed",Medium
General AXI protocol rule,A14.2,The following rules apply: • Transfers will not be sent or received.,Verify the extracted AXI requirement is satisfied.,Create a directed protocol test based on the requirement text.,Requirement covered,Medium
Credited transport,A14.2,• Credits will not be sent.,Verify transfers obey credit availability.,"Run transactions with zero, one, and multiple credits and check VALID behaviour.","Zero credits, credit available, credit consumed",Medium
Credited transport,A14.3,"• Due to pipelining, a Subordinate might receive credits during the STOP state, which must be discarded.",Verify transfers obey credit availability.,"Run transactions with zero, one, and multiple credits and check VALID behaviour.","Zero credits, credit available, credit consumed",Medium
Credited transport,A14.4,"Not all signals are shown, for example PENDING signals must be included on all credited channels.",Verify transfers obey credit availability.,"Run transactions with zero, one, and multiple credits and check VALID behaviour.","Zero credits, credit available, credit consumed",Medium
Credited transport,A14.4,"This must be at least N cycles after the Subordinate sent a credit, where N is the maximum number of cycles that any credit signal is delayed by pipelining.",Verify transfers obey credit availability.,"Run transactions with zero, one, and multiple credits and check VALID behaviour.","Zero credits, credit available, credit consumed",Medium
Read transaction,A15.1,"A DVM Complete transaction is issued on the read request channel (AR) in response to a DVM Synchronization (Sync) message, to indicate that all required operations and any associated transactions have completed.",Verify read-channel protocol requirements.,Run directed read transfers and check AR/R channel ordering.,"ARVALID, ARREADY, RVALID, RREADY",Medium
General AXI protocol rule,A15.3,"– If the upper 8 bits are non-zero, then over-invalidation will occur, since the 8-bit ASID agent ignores the upper 8 bits.",Verify the extracted AXI requirement is satisfied.,Create a directed protocol test based on the requirement text.,Requirement covered,Medium
General AXI protocol rule,A15.3,"– If the upper 8 bits are nonzero, then over-invalidation will occur, since the 8-bit VMID agent ignores the upper 8 bits.",Verify the extracted AXI requirement is satisfied.,Create a directed protocol test based on the requirement text.,Requirement covered,Medium
General AXI protocol rule,A15.3,DVM messages Range field The Range field indicates that an invalidation operates on a range of addresses.,Verify the extracted AXI requirement is satisfied.,Create a directed protocol test based on the requirement text.,Requirement covered,Medium
General AXI protocol rule,A15.3,"If the PA is not aligned to the IS value, no TLB entries are required to be invalidated.",Verify the extracted AXI requirement is satisfied.,Create a directed protocol test based on the requirement text.,Requirement covered,Medium
General AXI protocol rule,A15.4,• A component issuing a two-part DVM message must be able to issue the second part of the message without requiring a response to the first part of the message.,Verify the extracted AXI requirement is satisfied.,Create a directed protocol test based on the requirement text.,Requirement covered,Medium
VALID/READY handshake,A15.4,"A15.4.2 Snoop channels using Valid-Ready transport When using a Valid-Ready transport, the following rules apply: • ACVALID must only be asserted by a Subordinate when there is valid address and control information.",Verify VALID/READY handshake ordering and transfer completion.,Drive VALID and READY in different orderings and check transfer only completes when both are asserted.,"VALID before READY, READY before VALID, VALID with READY",Medium
VALID/READY handshake,A15.4,"• When asserted, ACVALID must remain asserted until the rising clock edge after the Manager asserts the ACREADY signal.",Verify VALID/READY handshake ordering and transfer completion.,Drive VALID and READY in different orderings and check transfer only completes when both are asserted.,"VALID before READY, READY before VALID, VALID with READY",Medium
VALID/READY handshake,A15.4,"• When asserted, CRVALID must remain asserted until the rising clock edge after the Subordinate asserts the CRREADY signal.",Verify VALID/READY handshake ordering and transfer completion.,Drive VALID and READY in different orderings and check transfer only completes when both are asserted.,"VALID before READY, READY before VALID, VALID with READY",Medium
VALID/READY handshake,A15.4,• The Subordinate must not wait for the Manager to assert ACREADY before asserting ACVALID.,Verify VALID/READY handshake ordering and transfer completion.,Drive VALID and READY in different orderings and check transfer only completes when both are asserted.,"VALID before READY, READY before VALID, VALID with READY",Medium
VALID/READY handshake,A15.4,• The Manager must wait for both ACVALID and ACREADY to be asserted before it asserts CRVALID to indicate that a valid response is available.,Verify VALID/READY handshake ordering and transfer completion.,Drive VALID and READY in different orderings and check transfer only completes when both are asserted.,"VALID before READY, READY before VALID, VALID with READY",Medium
VALID/READY handshake,A15.4,• The Manager must not wait for the Subordinate to assert CRREADY before asserting CRVALID.,Verify VALID/READY handshake ordering and transfer completion.,Drive VALID and READY in different orderings and check transfer only completes when both are asserted.,"VALID before READY, READY before VALID, VALID with READY",Medium
General AXI protocol rule,A15.4,In addition: • The Manager must wait for a DVM message request before sending a DVM message response.,Verify the extracted AXI requirement is satisfied.,Create a directed protocol test based on the requirement text.,Requirement covered,Medium
General AXI protocol rule,A15.4,"In this case, any additional address information must be ignored and operations performed using only the supported address bits.",Verify the extracted AXI requirement is satisfied.,Create a directed protocol test based on the requirement text.,Requirement covered,Medium
General AXI protocol rule,A15.4,"If a component supports a larger VA width than its PA width, the component must take appropriate action regarding the additional physical address bits.",Verify the extracted AXI requirement is satisfied.,Create a directed protocol test based on the requirement text.,Requirement covered,Medium
General AXI protocol rule,A15.5,This response must not be dependent on the forward progress of any transactions on the AR or AW channels.,Verify the extracted AXI requirement is satisfied.,Create a directed protocol test based on the requirement text.,Requirement covered,Medium
General AXI protocol rule,A15.5,"The Manager must send a DVM Complete in a timely manner, even if it continues to receive more DVM invalidation operations and more DVM Sync messages.",Verify the extracted AXI requirement is satisfied.,Create a directed protocol test based on the requirement text.,Requirement covered,Medium
General AXI protocol rule,A15.5,Interconnect (Subordinate Interface) Receiving Manager DVM Sync request response DVM Complete request response AC CR AR R Figure A15.3: DVM Synchronization flow Every DVM Sync message must have one corresponding DVM Complete request.,Verify the extracted AXI requirement is satisfied.,Create a directed protocol test based on the requirement text.,Requirement covered,Medium
Read transaction,A15.5,"ARID Must be different from that of any outstanding, non-DVM Complete transaction on the read channels.",Verify read-channel protocol requirements.,Run directed read transfers and check AR/R channel ordering.,"ARVALID, ARREADY, RVALID, RREADY",Medium
General AXI protocol rule,A15.5,ARLEN Must be 1 transfer (0x00).,Verify the extracted AXI requirement is satisfied.,Create a directed protocol test based on the requirement text.,Requirement covered,Medium
General AXI protocol rule,A15.5,ARSIZE Must be equal to the data channel width or Max_Transaction_Bytes if that is smaller than the data width.,Verify the extracted AXI requirement is satisfied.,Create a directed protocol test based on the requirement text.,Requirement covered,Medium
General AXI protocol rule,A15.5,ARMMUVALID Must be 0b0.,Verify the extracted AXI requirement is satisfied.,Create a directed protocol test based on the requirement text.,Requirement covered,Medium
Credited transport,A15.5,"When using credited transport, a DVM Complete message can use any value for ARRP, but all DVM Complete messages on an interface must use the same RP.",Verify transfers obey credit availability.,"Run transactions with zero, one, and multiple credits and check VALID behaviour.","Zero credits, credit available, credit consumed",Medium
Reset behaviour,A15.6,A15.6.1 Coherency Connection Handshake SYSCOREQ and SYSCOACK must be deasserted when ARESETn is asserted.,Verify required signals are correctly deasserted during and after reset.,Apply reset and check required signals remain deasserted until the required ACLK edge.,"Reset asserted, reset deassertion, post-reset signal state",Medium
General AXI protocol rule,A15.6,Table A15.26: Coherency Connection signaling states State SYSCOREQ SYSCOACK Rules Disabled 0 0 Manager: • Must not fetch and use DVM-managed translation table data to perform translations.,Verify the extracted AXI requirement is satisfied.,Create a directed protocol test based on the requirement text.,Requirement covered,Medium
General AXI protocol rule,A15.6,Connect 1 0 Manager: • Must not fetch and use DVM-managed translation table data to perform translations.,Verify the extracted AXI requirement is satisfied.,Create a directed protocol test based on the requirement text.,Requirement covered,Medium
General AXI protocol rule,A15.6,Any transaction using previously fetched data must have been completed.,Verify the extracted AXI requirement is satisfied.,Create a directed protocol test based on the requirement text.,Requirement covered,Medium
General AXI protocol rule,A15.6,Coherency Connection signaling Table A15.26 – Continued from previous page State SYSCOREQ SYSCOACK Rules Disconnect 0 1 Manager: • Must not fetch or use any DVM-managed translation table data.,Verify the extracted AXI requirement is satisfied.,Create a directed protocol test based on the requirement text.,Requirement covered,Medium
General AXI protocol rule,A15.6,Subordinate: • Must wait for all outstanding DVM messages to receive a response before deasserting SYSCOACK.,Verify the extracted AXI requirement is satisfied.,Create a directed protocol test based on the requirement text.,Requirement covered,Medium
Read transaction,A15.6,• Must issue the second part of a 2-part DVM message if the first part has already been issued.,Verify read-channel protocol requirements.,Run directed read transfers and check AR/R channel ordering.,"ARVALID, ARREADY, RVALID, RREADY",Medium
General AXI protocol rule,A16.1,In this situation the receiving component must examine all data transfers to determine if the 64-bit granule is poisoned.,Verify the extracted AXI requirement is satisfied.,Create a directed protocol test based on the requirement text.,Requirement covered,Medium
General AXI protocol rule,A16.2,"• Parity signals must be driven appropriately to all the bits in the associated payload, irrespective of whether those bits are actively used in the transfer.",Verify the extracted AXI requirement is satisfied.,Create a directed protocol test based on the requirement text.,Requirement covered,Medium
General AXI protocol rule,A16.2,"For example, all bits of WDATACHK must be driven correctly when WVALID is asserted, even if some byte lanes are not being used.",Verify the extracted AXI requirement is satisfied.,Create a directed protocol test based on the requirement text.,Requirement covered,Medium
General AXI protocol rule,B2.1,• Data width must be 128b (DATA_WIDTH = 128).,Verify the extracted AXI requirement is satisfied.,Create a directed protocol test based on the requirement text.,Requirement covered,Medium
General AXI protocol rule,B2.1,• Length must be 1 or 4 transfers.,Verify the extracted AXI requirement is satisfied.,Create a directed protocol test based on the requirement text.,Requirement covered,Medium
Write transaction,B2.1,"• Memory type must be Write-back, that is Ax CACHE[1:0] is 0b11 and Ax CACHE[3:2] is not 0b00.",Verify write-channel protocol requirements.,Run directed write transfers and check AW/W/B channel ordering.,"AWVALID, WVALID, BVALID, BREADY",Medium
Write transaction,B2.4,Summary of ID constraints Must use an ID that is unique in-flight on the same channels: • Atomic transactions • Prefetch transactions • Write Zero transactions • Write Deferrable transactions • Invalidate Hint transactions • Read transactions with data chunking enabled • Transactions which transport MTE tags • Unstash Translation transactions • ACT transactions Must not use the same ID for in-flight transactions on the same channels: • DVM Complete and non-DVM Complete transactions • Stash Once and non-Stash Once transactions • Translated and untranslated transactions • Stash Translation and non-Stash Translation transactions Must use the same ID: • Multiple outstanding requests that require ordering between them.,Verify write-channel protocol requirements.,Run directed write transfers and check AW/W/B channel ordering.,"AWVALID, WVALID, BVALID, BREADY",Medium
Write transaction,B4.1,Correction BIDUNQ is not required to follow AWIDUNQ for non-Completion write responses such as Persist and MTE Match.,Verify write-channel protocol requirements.,Run directed write transfers and check AW/W/B channel ordering.,"AWVALID, WVALID, BVALID, BREADY",Medium
Write transaction,B4.1,Memory Tagging Extension (MTE) Clarification A Write Ptl CMO or Write Full CMO with AWTAGOP Transfer must be Non-shareable.,Verify write-channel protocol requirements.,Run directed write transfers and check AW/W/B channel ordering.,"AWVALID, WVALID, BVALID, BREADY",Medium
Read transaction,B4.1,Additional requirement Read transactions with the MTE opcode of Fetch must be Regular.,Verify read-channel protocol requirements.,Run directed read transfers and check AR/R channel ordering.,"ARVALID, ARREADY, RVALID, RREADY",Medium
Read transaction,B4.1,"Read response Clarification For read responses where data is not required to be valid, the Manager might still sample the RDATA value so the Subordinate should not rely on the response to hide sensitive data.",Verify read-channel protocol requirements.,Run directed read transfers and check AR/R channel ordering.,"ARVALID, ARREADY, RVALID, RREADY",Medium
General AXI protocol rule,B4.1,"Cache stashing Correction ""AWSTASHLPIDEN must be driven to all zeros when AWSTASHLPIDEN is deasserted"" is corrected to: ""When AWSTASHLPIDEN is LOW, AWSTASHLPID is invalid and must be zero"" ARM IHI 0022 Issue L Copyright © 2003-2025 Arm Limited or its affiliates.",Verify the extracted AXI requirement is satisfied.,Create a directed protocol test based on the requirement text.,Requirement covered,Medium
Write transaction,B4.2,Write channel dependency Clarification It is clarified that a Subordinate must not block acceptance of data-less write requests due to transactions with leading write data.,Verify write-channel protocol requirements.,Run directed write transfers and check AW/W/B channel ordering.,"AWVALID, WVALID, BVALID, BREADY",Medium
Write transaction,B4.2,Exclusive accesses Clarification It is clarified that AWATOP must not be Match for exclusive writes.,Verify write-channel protocol requirements.,Run directed write transfers and check AW/W/B channel ordering.,"AWVALID, WVALID, BVALID, BREADY",Medium
Write transaction,B4.2,Differences between Issue J and Issue K Table B4.2 – Continued from previous page Feature Change Detail Memory Tagging Clarification A footnote is added to Table A12.13 to clarify that a Write No Snoop with tag Match must not be Exclusive.,Verify write-channel protocol requirements.,Run directed write transfers and check AW/W/B channel ordering.,"AWVALID, WVALID, BVALID, BREADY",Medium
General AXI protocol rule,B4.2,"Interface parity for CRTRACE Correction In Table A16.4, the enable signal for CRTRACECHK was indicated as ACVALID when it should be CRVALID.",Verify the extracted AXI requirement is satisfied.,Create a directed protocol test based on the requirement text.,Requirement covered,Medium
Read transaction,B4.2,"Read Interleaving Disabled and AXI5-Lite Correction Read_Interleaving_Disabled was incorrectly constrained to True for AXI5-Lite interfaces, it should be False.",Verify read-channel protocol requirements.,Run directed read transfers and check AR/R channel ordering.,"ARVALID, ARREADY, RVALID, RREADY",Medium
Reset behaviour,B4.3,Reset Clarification It is clarified that all signals that are required to be deasserted during reset must wait until at least the rising ACLK edge after ARESETn is HIGH.,Verify required signals are correctly deasserted during and after reset.,Apply reset and check required signals remain deasserted until the required ACLK edge.,"Reset asserted, reset deassertion, post-reset signal state",Medium
General AXI protocol rule,B4.3,"Transaction address calculation Correction The expression to determine the address states for a wrap transaction has been corrected to: Address_N = Aligned_Addr + ((N - 1) * Size) - (Size * Length) Wrapping bursts New feature New property Wrap_CLS_Modifiable, used to determine whether WRAP transactions must be cache line sized and Modifiable.",Verify the extracted AXI requirement is satisfied.,Create a directed protocol test based on the requirement text.,Requirement covered,Medium
General AXI protocol rule,B4.3,Memory Tagging Extension (MTE) Clarification If is clarified that transactions that carry tags must be physically addressed.,Verify the extracted AXI requirement is satisfied.,Create a directed protocol test based on the requirement text.,Requirement covered,Medium
Write transaction,B4.3,"Correction In the example of a Non-shareable Write Full CMO with Clean Invalid, all in-line and peer caches must be cleaned and invalidated because the CMO is considered to be shareable.",Verify write-channel protocol requirements.,Run directed write transfers and check AW/W/B channel ordering.,"AWVALID, WVALID, BVALID, BREADY",Medium
General AXI protocol rule,B4.3,"It is clarified that for a DVM Complete, ARSIZE must be equal to the data channel width or Max_Transaction_Bytes if that is smaller than the data width.",Verify the extracted AXI requirement is satisfied.,Create a directed protocol test based on the requirement text.,Requirement covered,Medium
Write transaction,B4.3,AWCACHE meanings Correction The meaning of the Bufferable bit (AWCACHE[0]) is corrected to say that the write response indicates that the data has reached its final destination only if AWCACHE[3:2] are both deasserted.,Verify write-channel protocol requirements.,Run directed write transfers and check AW/W/B channel ordering.,"AWVALID, WVALID, BVALID, BREADY",Medium
Read transaction,B4.3,Cache line sized and Regular Clarification Read No Snoop with MTE Fetch is added to the list of Opcodes that must be cache line sized and Regular.,Verify read-channel protocol requirements.,Run directed read transfers and check AR/R channel ordering.,"ARVALID, ARREADY, RVALID, RREADY",Medium
General AXI protocol rule,B4.3,The point through which all transactions to a given address must pass and the order in which the transactions are processed is determined.,Verify the extracted AXI requirement is satisfied.,Create a directed protocol test based on the requirement text.,Requirement covered,Medium
Write transaction,B4.3,"RAZ/WI, Read-As-Zero, Writes Ignored Hardware must implement the field as Read-as-Zero, and must ignore writes to the field.",Verify write-channel protocol requirements.,Run directed write transfers and check AW/W/B channel ordering.,"AWVALID, WVALID, BVALID, BREADY",Medium
